epoch_id,delta_power,theta_power,alpha_power,beta_power,gamma_power,alpha_relative,beta_relative,theta_beta_ratio,occipital_alpha,frontal_asymmetry,mean_amplitude,signal_variance,spectral_entropy,eye_state_ground_truth
1,3.0055,2.9485,9.6396,5.0451,1.6918,0.4317,0.2259,0.5844,7.4412,-0.1627,4304.79,45.0581,4.4566,0
2,248.4831,12.3324,12.3423,7.714,1.4941,0.0437,0.0273,1.5987,5.7733,0.1533,4317.92,565.8299,2.0396,0
3,236.3015,5.5854,3.8493,4.947,1.2994,0.0153,0.0196,1.129,4.1028,-0.4209,4326.27,503.9846,1.2605,1
4,58.3692,9.871,5.3182,4.3293,1.296,0.0672,0.0547,2.28,4.6124,0.389,4317.29,158.5923,2.4541,1
5,17.3478,4.1793,2.5204,3.7021,1.1058,0.0873,0.1283,1.1289,2.7825,0.584,4313.3,57.7869,3.2336,1
6,29.261,2.8693,6.1449,2.7525,1.1128,0.1458,0.0653,1.0424,6.6478,0.1798,4307.1,84.4448,2.59,1
7,1.3338,2.1115,3.6115,5.3904,0.9421,0.2697,0.4026,0.3917,4.3588,-0.0057,4299.12,26.9568,4.6409,1
8,8.6612,2.0097,2.37,6.1437,1.1228,0.1167,0.3025,0.3271,2.4008,-0.2022,4301.65,40.6425,3.8271,1
9,19.4979,10.1005,2.2429,5.5304,1.2862,0.058,0.1431,1.8264,2.7207,-0.3337,4309.93,77.8008,3.5144,1
10,15.5725,3.2396,1.5439,4.5167,1.2653,0.0591,0.1728,0.7172,1.2936,-0.0351,4316.42,52.4385,3.371,1
11,2.1339,2.0326,2.4116,2.8655,1.1705,0.2272,0.27,0.7093,1.2646,0.1729,4317.53,21.2583,4.6725,1
12,5.7015,3.4803,1.4662,2.1503,1.1538,0.1051,0.1541,1.6186,2.2253,-0.3642,4315.9,27.9753,3.5251,1
13,63.3441,3.8087,5.11,3.2831,1.3571,0.0664,0.0427,1.1601,6.8142,-0.1891,4305.31,154.1957,1.9008,1
14,21.3149,5.8779,10.4199,3.8365,1.605,0.242,0.0891,1.5321,12.3308,-0.0098,4291.49,87.0666,3.6453,0
15,12.9014,1.3936,8.0131,3.9266,1.0151,0.2941,0.1441,0.3549,9.1553,0.098,4289.83,54.5998,3.3809,0
16,12.0981,4.548,5.1121,3.4954,1.2672,0.1928,0.1318,1.3011,5.1261,0.0285,4296.64,53.1904,3.8701,0
17,3.8641,1.5854,2.3902,3.5134,0.9285,0.1946,0.2861,0.4512,1.8538,0.0299,4299.17,24.5793,4.2183,0
18,1.8382,3.0121,2.0584,3.734,1.2222,0.1735,0.3147,0.8067,1.9843,0.0517,4297.04,23.7787,4.4315,0
19,1.7817,2.5303,1.3388,3.0687,1.1587,0.1355,0.3107,0.8246,1.505,0.0301,4295.98,19.7838,4.7764,0
20,189.3029,6.9317,3.2475,4.2992,1.6348,0.0158,0.0209,1.6123,4.8415,0.2306,4310.24,411.5439,1.4949,0
21,128.0771,6.2118,2.6009,2.3737,0.9613,0.0185,0.0169,2.6169,3.4133,-0.0037,4317.65,280.4651,1.5901,1
22,33.3343,5.4899,2.7171,3.9506,1.5767,0.0577,0.0839,1.3896,1.745,0.3277,4304.07,94.88,2.6198,1
23,5.7651,4.0416,1.2782,4.8619,0.5251,0.0776,0.2952,0.8313,2.0534,0.196,4300.3,32.9874,3.499,1
24,22.9115,7.3336,1.6995,3.7826,1.023,0.0462,0.1029,1.9388,4.5628,0.4471,4306.6,73.616,3.2175,1
25,61.1015,4.831,1.9727,2.8941,0.8662,0.0275,0.0404,1.6692,6.7808,0.2869,4301.4,143.4412,1.9653,1
26,10.8093,1.5439,1.2896,2.4405,0.8924,0.076,0.1438,0.6326,3.3663,-0.2845,4294.35,34.0009,3.59,0
27,7.5032,3.7305,1.3273,2.8123,1.088,0.0806,0.1708,1.3265,1.5559,0.0744,4294.95,32.9301,3.9802,0
28,9.1271,1.9977,2.4951,5.4645,0.6055,0.1267,0.2775,0.3656,2.5276,0.3171,4296.55,39.3961,3.9927,0
29,1.7725,0.6508,2.6928,8.5926,0.9406,0.1838,0.5866,0.0757,1.5847,0.0445,4299.26,29.3226,4.2871,0
30,4.2171,1.3869,2.7321,5.4751,1.0765,0.1835,0.3678,0.2533,2.3886,-0.0334,4299.94,29.8035,4.3762,0
31,6.7318,2.7025,2.6861,2.963,0.6935,0.1703,0.1878,0.9121,2.6326,-0.0411,4299.16,31.6102,3.9096,0
32,17.9479,4.9044,3.7975,3.0093,1.0405,0.1237,0.098,1.6298,3.3284,-0.1238,4299.23,61.5507,3.4728,0
33,101.1638,7.5529,10.0941,5.3847,1.6282,0.0802,0.0428,1.4027,3.5903,0.0389,4305.61,252.5815,2.5193,0
34,99.0028,2.4845,6.4163,3.5438,1.0533,0.057,0.0315,0.7011,2.149,0.0044,4308.45,225.4006,2.183,1
35,16.4351,4.8605,4.2167,4.3638,1.0985,0.1361,0.1409,1.1138,2.7107,-0.2133,4305.63,62.7982,3.8647,1
36,31.697,2.7534,3.2867,5.5312,0.8036,0.0746,0.1255,0.4978,3.1004,0.0108,4297.27,88.5233,2.6137,1
37,8.1428,7.0199,0.7336,2.8962,0.8261,0.0374,0.1476,2.4238,3.4565,-0.1725,4290.68,39.2716,3.6445,1
38,8.904,11.8577,2.3004,2.5803,0.5146,0.0879,0.0986,4.5955,4.033,-0.0994,4288.55,52.3605,3.3608,1
39,5.3345,1.7252,3.7257,2.9081,0.6627,0.2595,0.2026,0.5932,3.5738,-0.0663,4287.51,28.7633,4.0091,1
40,33.6294,8.8375,4.5766,3.3132,1.4128,0.0884,0.064,2.6674,3.352,0.1573,4286.61,103.6073,3.1181,1
41,53.0154,6.1175,2.3261,2.229,1.7198,0.0356,0.0341,2.7444,3.2684,-0.0033,4277.94,130.8379,1.9978,1
42,21.6396,3.2628,2.4351,2.6817,1.2062,0.078,0.0859,1.2167,3.1116,-0.2536,4277.96,62.7154,3.1265,0
43,6.2437,2.5792,1.3979,1.7712,0.7955,0.1093,0.1385,1.4562,1.3789,-0.3174,4284.84,25.5875,3.6286,0
44,74.2593,10.2213,1.944,2.8208,0.789,0.0216,0.0313,3.6236,1.7392,-0.3243,4292.58,180.1758,2.3495,0
45,55.5434,7.606,1.5502,2.4878,0.8183,0.0228,0.0366,3.0573,4.2064,-0.2981,4299.39,136.111,2.2667,0
46,5.0439,2.2887,0.5636,3.0781,0.6376,0.0485,0.2651,0.7435,2.7772,-0.1343,4298.81,23.2645,3.8058,0
47,5.8477,1.4979,1.2957,2.8214,0.7615,0.106,0.2308,0.5309,3.1478,0.0039,4300.05,24.4851,3.8442,0
48,2.4324,1.9363,3.3684,3.6432,0.844,0.2756,0.298,0.5315,3.7133,-0.1309,4301.4,24.5159,4.4687,0
49,2.8571,3.2815,4.6655,5.5805,0.5924,0.2748,0.3287,0.588,2.6997,-0.0043,4302.81,33.9723,4.435,0
50,2.7503,3.4121,3.3397,4.3622,0.4793,0.2328,0.3041,0.7822,2.6572,-0.2203,4305.09,28.7131,4.3994,0
51,65.6925,7.1208,6.3624,2.058,1.5571,0.0768,0.0249,3.46,5.9498,-0.0354,4311.14,166.9935,2.8535,0
52,74.2639,4.064,6.7915,3.011,1.5173,0.0758,0.0336,1.3497,4.2304,-0.0781,4321.94,179.354,2.0399,0
53,57.6265,5.734,4.0684,7.7384,3.8245,0.0515,0.098,0.741,1.6672,-0.2015,4316.92,159.9531,3.0003,1
54,39.4928,9.0596,10.5026,3.1294,1.5578,0.1648,0.0491,2.895,5.4155,0.2954,4299.23,127.7954,3.2004,1
55,14.6571,2.4891,11.6953,3.7441,1.1318,0.3469,0.111,0.6648,6.3228,0.1205,4290.21,67.4578,3.6905,1
56,4.1483,3.7937,1.7199,4.6344,1.3867,0.1097,0.2955,0.8186,6.0647,0.033,4286.98,31.5055,4.4172,1
57,10.0316,3.3726,2.1052,3.0159,1.2548,0.1064,0.1525,1.1183,3.7389,0.2305,4289.45,39.5976,3.5831,1
58,4.2119,1.131,1.354,5.0505,0.6851,0.1089,0.4062,0.2239,1.6444,0.1421,4292.16,25.0291,4.2089,1
59,3.5166,1.3291,1.6102,3.4596,0.6381,0.1526,0.3278,0.3842,0.6552,-0.4032,4291.64,21.1227,4.2272,1
60,6.0808,2.6153,2.3096,3.0859,1.1402,0.1516,0.2026,0.8475,2.2446,0.0734,4292.34,30.4773,3.8753,1
61,9.108,2.862,2.9509,3.4202,1.2601,0.1505,0.1745,0.8368,3.563,0.1826,4293.49,39.2181,4.0242,1
62,5.6555,3.106,2.4453,5.9733,0.6663,0.137,0.3347,0.52,4.1692,0.0417,4292.05,35.7059,4.3605,1
63,1.8237,1.6889,4.0391,5.8364,0.8792,0.2831,0.4091,0.2894,4.4986,-0.1682,4289.49,28.7189,4.6149,1
64,4.0806,2.5197,2.2209,3.6843,0.7699,0.1673,0.2775,0.6839,3.3235,-0.1614,4289.34,26.5966,4.3159,1
65,2.8991,1.621,3.7685,3.1895,0.9646,0.3029,0.2563,0.5082,8.7505,0.174,4287.75,25.0268,4.3292,1
66,4.5725,2.8544,3.0453,4.1803,0.7798,0.1973,0.2709,0.6828,7.5218,-0.0138,4286.39,30.9753,4.0914,1
67,46.749,2.5653,3.435,5.2212,0.4566,0.0588,0.0894,0.4913,3.986,0.2781,4289.92,117.1661,2.5571,1
68,128.2648,2.807,3.4007,4.463,0.5939,0.0244,0.032,0.6289,5.1126,0.3182,4280.35,279.1946,1.3713,0
69,100.9878,6.2757,4.9391,3.1075,1.7963,0.0422,0.0265,2.0195,6.949,0.2443,4280.63,234.5371,1.9964,0
70,14.862,3.0403,3.5102,4.7423,1.1528,0.1285,0.1737,0.6411,2.9434,0.3986,4296.85,54.8844,3.2668,0
71,6.3143,2.0923,1.2463,3.0333,0.6862,0.0932,0.2268,0.6898,3.7689,0.1729,4297.75,26.7493,3.6754,0
72,2.2746,3.1969,3.081,2.1127,0.7361,0.2702,0.1853,1.5132,3.5308,0.3676,4296.29,22.877,4.351,0
73,20.5657,6.2709,2.9155,3.7634,1.0153,0.0844,0.109,1.6663,3.8457,0.2051,4300.7,69.0809,3.4851,0
74,28.0776,10.4804,4.5841,4.9446,1.1792,0.093,0.1004,2.1196,4.3651,0.2008,4301.03,98.5672,3.1405,0
75,19.5134,5.8429,4.223,4.419,0.8273,0.1213,0.1269,1.3222,2.3317,0.3455,4301.19,69.6758,3.5294,0
76,6.2317,2.1299,1.9453,3.6138,1.2076,0.1286,0.2389,0.5894,3.1205,-0.0653,4302.51,30.2895,4.2268,0
77,6.6304,2.7772,1.8868,3.4293,1.4906,0.1164,0.2115,0.8099,5.9568,0.1914,4302.65,32.4396,4.02,0
78,4.1898,2.3127,8.5321,3.964,1.0819,0.4249,0.1974,0.5834,7.0111,0.2554,4304.93,40.2032,3.9857,0
79,3.9287,5.7445,6.0362,4.3728,0.8955,0.2877,0.2084,1.3137,4.2465,0.431,4303.78,42.0033,4.1243,0
80,10.8411,6.0509,3.3232,2.6352,0.6805,0.1412,0.112,2.2962,1.6244,-0.2809,4306.38,47.0744,3.6242,0
81,104.9139,3.4467,6.5222,4.9722,1.3169,0.0538,0.041,0.6932,2.8915,-0.1439,4320.36,243.1606,1.8328,0
82,55.1057,6.7718,1.7125,5.5132,1.0171,0.0244,0.0786,1.2283,5.979,-0.3559,4329.1,140.3701,2.4473,1
83,25.3046,3.0481,2.2376,3.7366,0.9199,0.0635,0.106,0.8157,3.2646,-0.2904,4321.32,70.955,2.7185,1
84,1.4765,2.4669,2.8678,3.057,0.5132,0.2762,0.2945,0.807,1.5599,-0.4675,4315.01,20.7899,4.1313,1
85,5.1341,3.9298,3.782,6.0729,0.6329,0.1934,0.3106,0.6471,3.6548,-0.0651,4312.68,39.123,3.7274,1
86,8.2122,1.8745,10.4446,3.329,0.6162,0.4267,0.136,0.5631,4.9995,-0.0038,4307.9,48.9787,4.0131,1
87,6.5564,2.3554,6.4505,4.1165,1.2342,0.3114,0.1987,0.5722,5.2593,0.0138,4304.69,41.5495,4.2465,1
88,5.9514,3.2479,3.4008,2.9138,1.8849,0.1955,0.1675,1.1147,4.8253,0.1973,4304.17,35.282,4.4136,1
89,9.6124,1.0623,2.8664,2.69,0.7671,0.1686,0.1583,0.3949,4.2137,0.2764,4302.32,34.0145,3.2361,1
90,5.1869,4.8537,2.824,4.8802,0.8357,0.152,0.2627,0.9946,3.4707,-0.0153,4300.99,37.3569,4.2379,1
91,20.4176,3.1492,3.9288,3.5992,0.7057,0.1235,0.1132,0.875,2.8493,-0.1696,4306.56,63.6547,2.8382,1
92,206.268,9.4302,4.8713,3.9472,2.4284,0.0215,0.0174,2.3891,4.3072,0.2833,4293.35,455.7091,1.6543,1
93,47.0963,10.6667,5.7125,3.8184,1.5877,0.0829,0.0554,2.7935,2.6207,-0.028,4270.6,138.1926,2.9461,0
94,69.8591,5.5986,6.339,6.2927,1.6286,0.0707,0.0701,0.8897,5.219,0.0977,4278.34,180.4256,2.1766,0
95,5.749,3.3232,5.1387,3.8231,1.0558,0.2692,0.2003,0.8693,7.3306,0.2127,4292.62,38.3588,4.2104,0
96,9.9074,1.5861,2.3626,2.4295,0.9112,0.1374,0.1413,0.6528,4.5787,0.2712,4294.4,34.4934,3.2326,0
97,15.6498,1.1589,2.6103,2.3282,0.7834,0.1159,0.1033,0.4978,2.3436,-0.043,4297.08,45.0883,2.7286,0
98,13.5498,6.7476,2.2101,3.8314,0.6537,0.0819,0.1419,1.7611,2.2427,-0.1295,4301.79,54.1049,3.4447,0
99,17.8105,7.599,4.1457,2.6767,0.7281,0.1258,0.0812,2.8389,2.7079,-0.0254,4303.21,65.9319,3.1413,0
100,22.8739,3.4825,3.7638,1.4419,0.5703,0.1171,0.0449,2.4153,1.3513,0.0707,4298.34,64.2803,2.8119,0
101,2.7816,2.208,1.2614,2.2774,0.5905,0.1383,0.2497,0.9696,1.7159,-0.1154,4294.83,18.2689,4.1961,0
102,2.4059,1.9478,0.6492,1.9813,0.6015,0.0856,0.2612,0.9831,2.5475,-0.2782,4296.6,15.295,4.4234,0
103,103.8534,3.9025,2.5768,3.4597,1.348,0.0224,0.03,1.128,3.9019,0.1419,4307.03,231.1761,1.8914,0
104,79.1032,1.3379,2.4879,2.3596,0.7985,0.0289,0.0274,0.567,5.771,-0.0211,4318.07,172.1927,1.6327,1
105,45.7571,5.5856,5.7223,4.4578,1.6156,0.0906,0.0706,1.253,8.6723,-0.0799,4310.47,127.2818,2.6657,1
106,0.9308,2.3712,2.1207,2.7031,1.1067,0.2297,0.2928,0.8772,6.7222,-0.4934,4301.96,18.6926,4.6232,1
107,18.1286,4.7816,1.8214,3.5593,0.683,0.0629,0.1228,1.3434,7.6487,-0.4151,4296.47,58.1083,3.0857,1
108,4.8472,1.446,4.5053,2.7317,0.9838,0.3104,0.1882,0.5294,9.5821,0.0991,4289.64,29.1407,4.3278,1
109,5.4642,2.3925,4.9044,2.4783,0.5953,0.3097,0.1565,0.9654,9.2594,0.1802,4289.87,31.7868,4.0325,1
110,6.6466,3.3667,3.1379,3.3393,0.4762,0.1849,0.1968,1.0082,6.4654,0.2255,4290.27,33.9708,3.6493,1
111,5.5324,1.9447,3.1208,2.2937,0.938,0.2257,0.1659,0.8478,6.0537,0.108,4290.24,27.6825,4.2435,1
112,1.6952,1.5801,2.5893,1.8241,0.8333,0.3038,0.214,0.8663,9.8967,-0.0922,4290.62,17.0642,4.4491,1
113,4.369,4.892,2.9331,3.5176,0.7984,0.1777,0.2131,1.3907,2.9801,-0.007,4291.73,33.0882,4.0211,1
114,16.4255,4.1629,3.3408,3.5855,0.8326,0.1179,0.1265,1.161,1.5329,0.1818,4297.8,56.7735,3.41,1
115,4.7701,3.5789,4.3865,2.6495,0.6334,0.2738,0.1654,1.3508,2.6678,0.0529,4304.8,32.0442,3.6986,1
116,9.6201,4.603,2.4528,3.3253,0.5801,0.1192,0.1616,1.3842,2.4099,-0.1694,4308.4,41.1833,3.5777,1
117,11.6643,3.4166,1.8238,3.2697,0.9696,0.0863,0.1546,1.0449,1.8599,0.1909,4308.02,42.4014,3.3653,1
118,6.4547,4.6608,3.766,2.585,1.5254,0.1983,0.1361,1.803,2.9356,0.0558,4305.18,38.1964,4.1413,1
119,17.4212,1.3129,1.2789,2.8104,1.1026,0.0535,0.1175,0.4672,1.8648,-0.3283,4302.61,47.8763,2.98,1
120,9.7487,1.4444,5.0136,2.9893,1.2896,0.2447,0.1459,0.4832,2.3804,0.2322,4301.7,40.9955,3.6579,1
121,9.2054,0.6515,6.087,3.0265,1.3215,0.3,0.1491,0.2153,3.02,-0.0294,4298.45,40.647,3.4661,1
122,3.9712,2.8635,4.1913,2.2273,0.7608,0.2991,0.1589,1.2856,3.0281,-0.3678,4293.77,28.1424,4.2031,1
123,3.2956,2.1896,2.2385,3.4244,1.2397,0.1807,0.2764,0.6394,1.6329,0.0505,4292.85,24.8831,4.5711,1
124,2.2559,1.6185,1.4025,2.9828,1.2612,0.1473,0.3133,0.5426,1.0156,-0.0073,4292.48,19.0511,4.639,1
125,5.1974,2.3488,2.1234,2.3027,0.9207,0.1647,0.1786,1.02,1.7072,-0.1297,4294.27,26.0887,4.1609,1
126,2.7846,3.1885,2.9546,1.7642,0.5322,0.2632,0.1572,1.8073,1.8016,-0.0967,4298.03,22.457,4.2163,1
127,10.9118,1.2686,2.8273,3.3564,0.7756,0.1477,0.1754,0.378,3.6947,-0.1774,4301.78,38.3987,3.6053,1
128,13.3233,1.9689,1.007,4.3816,0.8334,0.0468,0.2037,0.4494,2.909,-0.2677,4302.39,43.071,2.9964,1
129,14.4998,1.2454,0.9152,3.0337,1.0646,0.0441,0.1461,0.4105,3.4288,0.048,4299.84,41.533,2.9194,1
130,13.813,2.502,2.1263,3.2566,0.971,0.0938,0.1437,0.7683,3.5644,0.2548,4298.13,45.3823,3.3532,1
131,22.0346,2.6325,6.6037,4.6747,0.7798,0.1798,0.1273,0.5632,4.9401,0.1487,4300.9,73.6335,3.2156,1
132,37.2274,7.2243,8.3644,5.0783,0.7476,0.1426,0.0866,1.4226,7.1393,0.2824,4296.85,117.3509,3.1115,1
133,10.0531,1.0655,2.536,3.3188,0.9557,0.1414,0.1851,0.3211,3.7759,0.4599,4290.48,35.9593,3.5304,1
134,6.8331,1.7363,2.2187,2.0221,0.5272,0.1664,0.1516,0.8587,6.2651,0.4471,4292.86,26.7158,3.3437,1
135,1.5806,2.2747,2.1384,2.302,0.8698,0.2333,0.2512,0.9881,5.1693,0.2086,4294.18,18.4585,4.4631,1
136,9.6665,2.9536,1.6583,1.7839,0.7656,0.0985,0.106,1.6557,1.8207,-0.3205,4295.8,33.7008,3.3892,1
137,13.3335,2.4271,2.7091,3.7329,0.648,0.1186,0.1634,0.6502,3.3443,-0.6088,4295.57,45.7359,3.0566,1
138,5.6098,1.8479,4.25,3.5559,0.8168,0.2643,0.2211,0.5197,3.7416,-0.0792,4295.38,32.1801,4.0125,1
139,6.3883,3.6856,2.1736,2.1796,0.6989,0.1437,0.1441,1.6909,0.8103,-0.2806,4295.05,30.268,3.9782,1
140,8.9245,6.2761,7.3943,2.4164,0.8311,0.2861,0.0935,2.5973,2.9978,-0.257,4292.31,51.8336,3.6894,1
141,53.1968,3.4409,2.4023,2.8109,1.3221,0.038,0.0445,1.2241,2.3318,-0.2762,4282.84,126.4245,1.7932,1
142,11.6314,6.0103,2.5705,3.028,1.1237,0.1055,0.1243,1.9849,1.0776,0.4489,4277.05,48.809,3.5551,0
143,27.0005,12.5873,4.759,3.3048,1.0294,0.0978,0.0679,3.8088,1.6203,0.2424,4285.77,97.9107,3.2643,0
144,47.5064,3.4792,1.7234,4.0803,0.6795,0.03,0.071,0.8527,1.7073,-0.3166,4298.54,114.9457,1.8586,0
145,28.3639,4.6201,2.936,4.2858,0.764,0.0717,0.1046,1.078,1.5788,-0.2708,4298.42,82.0798,2.9431,0
146,5.2046,0.7055,0.9599,2.6789,1.2128,0.0892,0.2489,0.2633,3.1423,-0.1037,4293.65,21.5395,4.0153,0
147,5.5269,1.4264,1.2018,3.046,1.366,0.0956,0.2424,0.4683,1.652,-0.2345,4294.58,25.1591,4.2675,0
148,23.4671,2.8491,1.9269,2.979,0.8086,0.0602,0.093,0.9564,3.3187,-0.3818,4297.73,64.0981,2.8007,0
149,23.1419,4.0195,3.0033,2.2677,0.8457,0.0902,0.0681,1.7725,4.631,-0.1611,4297.73,66.5782,3.1997,0
150,9.8655,3.4665,1.6116,4.89,0.6739,0.0786,0.2385,0.7089,2.5079,0.377,4289.78,41.1168,3.4714,0
151,8.8453,3.324,1.4291,4.7771,0.5365,0.0756,0.2526,0.6958,0.452,0.2772,4283.95,37.8683,3.8797,0
152,11.3618,1.6196,1.7936,3.087,0.4302,0.0981,0.1688,0.5247,2.3096,0.0327,4284.13,36.5917,2.9848,0
153,5.181,1.4341,1.6362,2.5198,0.4724,0.1455,0.2241,0.5691,1.6458,-0.269,4287.09,22.5036,3.7178,0
154,10.6358,2.9109,2.3702,2.9914,1.0691,0.1186,0.1497,0.9731,3.2801,-0.2535,4291.34,40.2448,3.9218,0
155,2.7039,1.5464,3.7016,1.9796,1.1148,0.3351,0.1792,0.7812,4.6956,0.0002,4295.31,22.1732,4.325,0
156,2.3581,1.3677,1.6212,1.6195,1.0072,0.2033,0.2031,0.8445,2.5666,0.3168,4294.71,16.0906,4.6166,0
157,4.5765,1.8367,0.8475,2.334,1.1116,0.0792,0.218,0.7869,3.0324,0.0015,4295.9,21.4553,4.1259,0
158,16.3457,3.5534,1.0445,2.8944,0.8082,0.0424,0.1174,1.2277,4.0575,-0.1739,4294.13,49.3114,2.9695,0
159,8.8873,3.8303,2.3531,3.0636,0.5503,0.1259,0.164,1.2503,2.9142,-0.1396,4289.71,37.3875,3.8991,0
160,9.4043,1.6984,1.5313,3.608,0.7613,0.0901,0.2122,0.4707,0.7486,-0.1155,4293.03,34.0419,3.5548,0
161,4.9136,2.4466,1.7793,3.4837,1.3045,0.1277,0.2501,0.7023,2.1839,-0.3257,4294.43,27.9159,3.9968,0
162,4.8551,4.2894,1.0703,4.5514,1.1272,0.0673,0.2864,0.9424,2.7258,-0.4773,4294.3,31.8278,4.0729,0
163,6.7327,2.0919,2.9973,3.5876,1.2305,0.1801,0.2156,0.5831,3.1097,-0.0281,4299.72,33.4142,3.7973,0
164,3.3332,3.6952,1.7552,3.1115,0.8512,0.1377,0.2441,1.1876,2.9736,0.1045,4304.68,25.5521,4.2438,0
165,8.1447,3.1662,1.5381,3.2595,0.9877,0.09,0.1907,0.9714,2.2747,0.0365,4309.86,34.3263,3.4649,0
166,596.7864,46.3135,22.2665,16.6708,4.2763,0.0324,0.0243,2.7781,18.4421,-0.1877,4336.21,1379.3733,2.3317,0
167,578.6241,31.5344,9.1346,8.7575,2.2371,0.0145,0.0139,3.6009,11.022,0.2176,4378.59,1262.7241,1.3839,0
168,158.0905,24.7037,9.7167,6.0445,2.3416,0.0484,0.0301,4.087,10.3718,0.5794,4380.33,404.1139,2.2983,0
169,37.1189,9.1508,2.5764,5.387,1.1119,0.0466,0.0973,1.6987,4.3152,-0.0866,4355.06,111.5948,3.0456,0
170,58.6916,4.1703,5.2913,3.1722,1.1182,0.073,0.0438,1.3146,5.5898,-0.2087,4336.24,145.4649,1.9988,0
171,14.9187,3.5592,1.7403,3.1877,1.2398,0.0706,0.1293,1.1165,1.7031,-0.2015,4320.48,50.2059,3.2033,0
172,21.9628,8.8899,2.9824,3.4638,0.696,0.0785,0.0912,2.5665,2.262,-0.198,4315.49,76.1616,3.2957,0
173,133.5605,11.7121,5.3907,4.5233,1.5188,0.0344,0.0289,2.5893,5.2436,0.0199,4330.18,314.175,1.5794,0
174,99.8646,3.9774,6.155,4.5723,1.5155,0.053,0.0394,0.8699,4.5788,-0.0545,4332.03,232.8184,1.5986,1
175,23.1674,3.1069,2.0403,2.8295,0.9876,0.0635,0.0881,1.098,2.0774,0.1386,4315.65,64.5964,2.7576,1
176,8.9195,3.4016,2.662,3.0718,0.7629,0.1415,0.1632,1.1074,0.5079,0.2787,4311.98,37.6964,3.7436,1
177,10.8408,2.2936,4.0674,2.3528,0.9927,0.198,0.1145,0.9749,1.0854,0.0687,4312.72,41.1955,3.639,1
178,56.334,1.7997,3.3071,1.7693,0.6547,0.0518,0.0277,1.0172,1.7672,-0.0164,4304.51,128.0206,1.3672,1
179,9.5946,3.5004,1.7627,2.1393,0.7556,0.0993,0.1205,1.6362,2.6635,0.4379,4297.91,35.6719,3.575,1
180,6.5902,1.9,2.6701,3.3873,0.6607,0.1756,0.2227,0.5609,1.637,0.163,4300.66,30.5419,3.9839,1
181,4.0005,1.9373,1.3668,3.8155,0.8137,0.1145,0.3197,0.5078,1.6371,-0.0093,4298.29,23.951,4.2385,1
182,408.26,37.025,13.2637,13.3879,4.7953,0.0278,0.0281,2.7656,11.3988,0.0124,4316.25,958.1445,2.2692,1
183,462.0975,27.6003,10.2272,8.3262,3.9212,0.02,0.0163,3.3149,9.0861,0.0907,4358.48,1029.1759,1.7007,1
184,29.4711,1.703,1.8137,4.6038,0.6049,0.0475,0.1205,0.3699,1.5266,-0.0496,4373.58,76.538,2.2397,1
185,30.7187,5.5604,6.9558,8.9364,2.2051,0.1279,0.1643,0.6222,4.0335,-0.1075,4359.89,110.628,3.8221,1
186,78.9963,7.097,5.0586,5.7188,1.5799,0.0514,0.0581,1.241,4.5764,-0.2107,4341.47,198.1495,2.0921,1
187,7.4515,4.9941,5.0324,2.4145,0.9874,0.241,0.1156,2.0684,3.225,0.0022,4329.72,41.7851,3.938,1
188,33.5504,6.6133,5.9958,4.0115,1.2962,0.1165,0.0779,1.6486,3.2622,-0.0139,4323.0,103.2775,2.9542,1
189,29.5684,1.4519,1.5011,2.3887,0.8795,0.0419,0.0667,0.6078,4.1662,-0.4461,4315.68,71.7091,1.7108,0
190,11.1272,4.059,2.0492,3.2466,1.1375,0.0948,0.1502,1.2502,3.7242,-0.0307,4315.84,43.6873,3.7305,0
191,25.1846,6.0693,6.2759,3.2417,1.0247,0.1502,0.0776,1.8723,4.5677,0.2834,4310.41,83.6101,3.0964,0
192,10.7777,2.0178,5.6836,4.2048,1.5075,0.2349,0.1738,0.4799,3.7916,0.1107,4307.53,48.4169,3.8437,0
193,3.4117,1.8359,0.7527,2.0957,1.119,0.0817,0.2274,0.876,1.8394,0.1271,4309.47,18.4574,4.3572,0
194,1.6288,2.7216,0.9172,4.1951,0.5124,0.0919,0.4206,0.6488,3.1759,-0.0016,4307.98,19.9982,4.3739,0
195,25.6984,2.1815,1.2889,5.2213,0.5504,0.0369,0.1494,0.4178,4.4986,0.0312,4302.07,69.9212,2.4302,0
196,7.6427,2.0144,4.8232,4.6413,0.9886,0.2398,0.2308,0.434,6.71,0.0951,4294.55,40.5276,4.0758,0
197,3.2195,1.0033,4.2705,2.6347,0.759,0.3593,0.2216,0.3808,6.4027,-0.1709,4294.43,23.8523,4.0923,0
198,253.9691,6.4584,1.0044,2.87,0.5176,0.0038,0.0108,2.2503,2.4346,-0.1788,4313.67,530.0505,1.2101,0
199,214.5893,2.3689,2.8978,2.5067,0.614,0.013,0.0112,0.945,6.6659,-0.3066,4317.21,445.9955,1.1379,0
200,16.6943,3.4057,4.8773,3.9691,0.5602,0.1653,0.1345,0.8581,8.7769,0.1088,4299.11,59.1785,3.3835,0
201,2.0863,1.51,0.8383,3.2778,0.5442,0.1015,0.397,0.4607,3.9133,0.2054,4295.72,16.5201,4.2565,0
202,108.1946,2.2552,0.9768,3.438,0.7654,0.0084,0.0297,0.656,3.6288,0.2627,4306.4,231.304,1.5326,0
203,158.5007,3.6162,1.1918,3.2536,0.6896,0.0071,0.0195,1.1114,2.7081,-0.3373,4302.3,334.5145,1.0925,0
204,3.5549,2.2055,1.4099,2.4242,0.8581,0.1349,0.2319,0.9098,3.774,-0.0472,4286.07,20.9901,4.4626,0
205,15.4472,1.9231,1.3683,1.8988,0.9838,0.0633,0.0878,1.0128,4.5597,-0.0692,4287.66,43.3002,2.7393,0
206,14.3023,2.6848,3.2759,2.3787,0.6588,0.1406,0.1021,1.1287,7.1922,0.3954,4292.5,46.7449,3.577,0
207,15.5032,6.3577,11.273,4.7596,0.3698,0.2946,0.1244,1.3358,16.3935,0.1905,4292.61,76.5612,3.6798,0
208,22.2368,3.8457,9.4007,4.2136,0.5044,0.2338,0.1048,0.9127,10.5182,0.0495,4295.74,80.468,3.0031,0
209,11.0961,0.2882,2.1278,3.4898,1.0394,0.1179,0.1934,0.0826,2.7917,0.1015,4297.98,36.2131,3.2413,0
210,10.3886,3.6427,4.8771,3.3277,0.8792,0.211,0.144,1.0946,2.818,-0.0893,4297.16,46.2745,3.6602,0
211,8.1832,4.006,11.7143,3.3579,0.784,0.4177,0.1197,1.193,7.9251,0.0101,4294.84,56.3733,3.7199,0
212,3.6729,2.1316,11.3022,2.7159,0.6405,0.5523,0.1327,0.7849,9.4153,0.1168,4293.21,40.9434,3.4665,0
213,2.5114,1.6001,6.1731,2.5726,1.4694,0.4309,0.1796,0.622,6.461,-0.0507,4293.95,28.665,4.2386,0
214,8.0544,3.4757,4.8893,2.8487,1.369,0.2369,0.138,1.2201,4.3835,-0.0282,4295.56,41.2861,4.044,0
215,12.7098,2.9048,3.9679,1.9147,0.7015,0.1787,0.0863,1.5171,4.9428,0.033,4302.78,44.4469,3.0278,0
216,6.8058,1.6711,2.3926,3.0309,0.8814,0.1619,0.205,0.5514,1.4954,-0.0662,4304.87,29.5771,4.0646,0
217,4.4194,2.2589,2.2564,4.5111,0.7979,0.1584,0.3167,0.5007,2.3197,-0.0277,4302.88,28.529,4.4095,0
218,6.9376,1.4679,2.1566,3.8399,0.5408,0.1443,0.257,0.3823,1.7786,0.415,4303.47,29.9312,4.0897,0
219,9.2663,2.735,1.6674,2.3218,0.5159,0.101,0.1407,1.178,1.0624,0.378,4304.03,33.0259,3.5658,0
220,7.1011,2.09,1.7119,1.7714,0.8589,0.1265,0.1309,1.1799,1.692,0.0907,4302.0,27.0864,3.6969,0
221,4.5047,3.2761,1.8776,2.0733,0.9012,0.1486,0.1641,1.5802,1.2386,-0.2261,4300.53,25.2804,3.7157,0
222,66.4037,8.3207,2.818,2.8997,1.3296,0.0345,0.0355,2.8695,2.7976,-0.365,4308.71,164.2983,2.213,0
223,68.0644,6.6151,1.9664,4.1778,0.7656,0.0241,0.0512,1.5834,4.4408,-0.0599,4321.4,163.225,1.4585,1
224,93.3597,10.5944,4.8732,10.8956,1.9905,0.04,0.0895,0.9724,3.9171,-0.2265,4313.19,245.3403,2.3398,0
225,9.9641,7.4235,3.8369,3.4647,0.935,0.1497,0.1352,2.1426,4.4259,0.0176,4296.5,51.516,3.9246,0
226,60.6018,2.3432,3.6192,2.6832,1.2134,0.0514,0.0381,0.8733,6.7713,0.2516,4285.18,140.9282,2.004,0
227,22.0789,5.0537,5.5607,3.8133,0.9196,0.1486,0.1019,1.3253,6.6333,-0.0562,4275.93,74.8668,3.5109,0
228,15.4784,3.6355,4.0964,2.4671,0.5077,0.1564,0.0942,1.4736,4.56,-0.2134,4279.43,52.3832,3.167,0
229,6.704,0.4782,2.7406,2.45,1.0988,0.2034,0.1819,0.1952,1.8426,-0.1034,4285.37,26.9656,3.8978,0
230,5.4495,1.23,4.1755,3.0487,1.0261,0.2797,0.2042,0.4034,2.7669,0.0283,4288.59,29.8809,4.0873,0
231,6.5503,1.2228,3.4781,3.8584,0.7626,0.2191,0.2431,0.3169,4.2754,0.1312,4292.57,31.7637,4.0154,0
232,2.1136,1.0501,2.9032,5.8407,1.497,0.2166,0.4357,0.1798,4.324,-0.2334,4295.8,26.9849,4.6573,0
233,69.3236,17.5296,1.523,3.721,0.9611,0.0164,0.04,4.711,2.4986,-0.2715,4305.12,186.1504,2.4427,0
