country,country_code,year,gdp_per_capita,life_expectancy,total_population,unemployment_rate,infant_mortality,health_expenditure_pct_gdp,education_expenditure_pct_gdp,internet_usage_pct
Afghanistan,AFG,2020,510.787063366811,61.454,39068979,11.71,54.9,15.53361416,4.44,17.04850006
Albania,ALB,2020,6027.91350716348,77.824,2528480,11.639,8.1,7.46513748,3.32505011558533,72.23767711
Algeria,DZA,2020,3743.5419522929,73.257,44042091,14.08,20.4,5.63830757,6.19391724496515,63.47269821
Angola,AGO,2020,1749.1794838482,63.116,33451132,16.696,34.9,2.81688905,2.66744733689285,33.32089996
Argentina,ARG,2020,8535.59938004389,75.878,45191965,11.461,8.7,10.67246342,5.27689981460571,85.51438646
Armenia,ARM,2020,4268.68093304583,73.3756097560976,2961500,18.175,10.2,12.24056244,2.70555996894836,76.50770055
Australia,AUS,2020,51983.4523666382,83.2,25649248,6.394,3.2,10.70324135,5.38625001907349,94.6934967
Austria,AUT,2020,48716.4098900349,81.1926829268293,8916864,5.201,2.9,11.41292953,5.57961988449097,87.52942813
Azerbaijan,AZE,2020,4229.91064904503,70.312,10093121,7.24,15.6,5.84817696,4.33204984664917,84.59999573
"Bahamas, The",BHS,2020,26178.7537607708,72.994,395863,12.016,11.9,7.3983264,3.7125229961238,92.4437027
Bahrain,BHR,2020,24342.8444554718,78.683,1472204,1.765,6.6,4.55685711,2.05801907522052,99.67103159
Bangladesh,BGD,2020,2248.85078828233,71.421,166298024,5.539,24.8,2.18254924,2.13974351741877,36.10910034
Barbados,BRB,2020,19180.9915228365,76.647,281698,10.586,10.2,6.7272892,3.86529994010925,69.89009857
Belarus,BLR,2020,6542.85579976768,72.1385609756098,9379952,4.049,2.2,6.40607214,4.86263990402222,85.08791245
Belgium,BEL,2020,45906.2875805246,80.6951219512195,11538604,5.545,3.2,11.46253014,6.75470018386841,91.52641629
Belize,BLZ,2020,5238.54078175696,71.58,390812,10.763,11.1,5.33901167,5.21301984786987,64.43589783
Benin,BEN,2020,1200.19426557789,60.154,13070169,1.518,50.4,3.0512166,2.89898431911618,22.12059975
Bhutan,BTN,2020,3191.66906999331,72.253,770006,5.03,16.9,4.08451509,5.46991778261464,76.85079956
Bolivia,BOL,2020,3580.96761778303,62.906,11816299,7.903,17.4,8.0225811,8.43710994720459,59.94010155
Bosnia and Herzegovina,BIH,2020,6130.31187968266,76.04,3299349,15.868,5.8,9.70311832,3.01954088371123,73.21175294
Botswana,BWA,2020,6323.2974967659,67.643,2365894,21.017,36.5,6.1213398,8.05833660991541,51.67819977
Brazil,BRA,2020,7074.19378337644,74.506,208660842,13.697,12.8,9.62326527,5.7714900970459,81.34269353
Brunei Darussalam,BRN,2020,26834.3592233943,75.114,447404,7.409,8.9,2.45359564,4.44,96.30549622
Bulgaria,BGR,2020,10760.7616180234,73.3560975609756,6550696,5.037,5.3,8.44060898,4.48298978805542,70.16248359
Burkina Faso,BFA,2020,825.237038782475,60.454,21478690,4.59,48.7,6.89469957,5.21148277030166,12.97319984
Burundi,BDI,2020,252.702452750006,62.569,12617036,1.03,34.6,10.70776176,5.32158506838731,6.430099964
Cabo Verde,CPV,2020,3539.22661248299,73.818,514679,14.65,12.5,7.03399324,7.09400702406662,69.37339783
Cambodia,KHM,2020,2081.73914242939,70.059,16725474,0.172,19.2,5.13031435,2.2476462495972,56.37590027
Cameroon,CMR,2020,1555.60370660749,61.674,26210558,3.881,45.5,4.25051928,3.10390139858492,37.69749832
Canada,CAN,2020,43537.8981198851,81.53,38028638,9.657,4.5,13.01732922,4.88794994354248,92.3
Chad,TCD,2020,866.947814890409,53.082,17224679,1.695,62.9,4.35215092,2.73960390423748,8.343099594
Chile,CHL,2020,13117.9930230086,79.349,19370624,10.934,5.8,9.69734573,5.62992000579834,87.45929718
China,CHN,2020,10627.4637989619,78.019,1411100000,5.0,5.5,5.50441837,4.44,70.05275998
Colombia,COL,2020,5339.68711357943,74.757,50629997,15.983,11.9,8.69751263,5.26166009902954,69.79533474
Comoros,COM,2020,1527.16991011916,65.756,802163,4.468,38.9,5.902421,2.37805076679617,22.42040062
"Congo, Dem. Rep.",COD,2020,486.425572682256,60.428,95989998,5.355,57.2,3.97694445,2.62263835311571,14.51049995
"Congo, Rep.",COG,2020,1993.586671931,64.391,5752791,22.286,30.3,4.01775074,4.22208879466149,21.99850082
Costa Rica,CRI,2020,12475.6852076814,79.725,5034320,16.432,8.1,7.82545757,6.62899017333984,80.53018608
Cote d'Ivoire,CIV,2020,2179.72934832935,60.14,28915449,2.588,50.3,3.62327886,3.78674006462097,36.01660156
Croatia,HRV,2020,14807.5559227544,77.5243902439024,3914206,7.389,4.0,7.68352938,4.40854978561401,78.32090004
Cuba,CUB,2020,9605.27914559614,77.407,11176354,2.233,5.7,12.48641968,11.5248184008093,71.11907507
Cyprus,CYP,2020,28130.330078125,81.23,1302247,7.755,2.7,8.64796448,5.56462001800537,90.80194644
Czechia,CZE,2020,23472.8915454417,78.2268292682927,10697858,2.55,2.4,8.96995831,4.62503004074097,81.33889705
Denmark,DNK,2020,60985.4885601514,81.6024390243903,5831404,5.644,3.3,10.69237614,7.38574981689453,96.54914573
Djibouti,DJI,2020,2844.88810647853,64.2,1105188,27.701,48.7,2.33861232,4.44,59.92570114
Dominican Republic,DOM,2020,7135.22273255899,72.636,11008300,6.126,30.4,4.96490288,4.51769850778985,81.61730194
Ecuador,ECU,2020,5463.64515348598,72.004,17546065,6.116,11.5,8.60608387,4.26103019714355,70.7
"Egypt, Arab Rep.",EGY,2020,3511.11381026379,69.79,109315124,7.974,22.6,4.15384626,4.44,71.91420096
El Salvador,SLV,2020,3997.19279583709,70.244,6234673,5.008,10.2,8.95105076,3.66088008880615,54.60136976
Equatorial Guinea,GNQ,2020,5764.05502912947,62.141,1716468,8.625,53.9,3.70560718,4.44,55.00130081
Estonia,EST,2020,23933.9939421065,78.5951219512195,1329522,6.956,1.8,7.47179365,5.44180011749268,89.05828666
Eswatini,SWZ,2020,3466.56936278145,59.862,1192729,32.978,47.3,7.0983777,5.32546270122803,49.01300049
Ethiopia,ETH,2020,829.790982552951,65.969,118917671,3.998,39.4,3.48096275,4.0905654220699,16.06959915
Fiji,FJI,2020,4620.6457238014,66.924,914963,5.054,21.6,5.28987408,5.80519512902055,68.62560272
Finland,FIN,2020,48828.6846862799,81.9317073170732,5529543,7.759,1.9,9.69977188,6.6812801361084,92.17027106
France,FRA,2020,39169.8606000707,82.1756097560976,67601110,8.009,3.3,12.12949371,5.65871000289917,84.70639801
Gabon,GAB,2020,6605.80346077904,67.073,2322539,21.279,28.8,3.4401269,3.39874087928788,63.91790009
"Gambia, The",GMB,2020,720.335143352133,64.418,2515733,5.84,37.0,4.01436949,2.88734569797808,36.01100159
Georgia,GEO,2020,4300.85701291207,73.509,3722716,11.734,8.0,9.22991848,3.80951130708125,72.53157487
Germany,DEU,2020,47394.8734504469,81.0414634146342,83160871,3.881,3.1,12.46780777,5.51600980758667,89.81294133
Ghana,GHA,2020,2195.45481659987,64.309,31887809,3.178,31.7,4.4331708,3.40915991351725,62.51760101
Greece,GRC,2020,17886.733165236,81.2878048780488,10698599,15.899,3.4,9.38074493,4.44,78.11584474
Guatemala,GTM,2020,4477.61785000665,69.971,17357325,2.965,19.5,6.4591527,3.29485011100769,47.51229858
Guinea,GIN,2020,1053.66097696415,59.35,13371183,6.007,65.7,3.90094519,2.44806003570557,26.14550018
Guinea-Bissau,GNB,2020,846.918134967613,61.343,2013255,2.887,47.2,8.98898792,4.44,20.45730019
Guyana,GUY,2020,6775.70939096303,67.751,807481,15.308,26.3,5.37510586,4.44,62.95399857
Haiti,HTI,2020,1290.32538667383,63.773,11243848,15.573,43.6,3.78651953,1.11353641558643,39.38809967
Honduras,HND,2020,2307.61494319511,70.864,10119640,10.982,14.5,9.21912384,6.09801328648889,45.24829865
Hungary,HUN,2020,16386.9308821258,75.419512195122,9670419,4.248,3.4,7.230515,4.12265014648438,84.77115202
Iceland,ISL,2020,60127.9393575616,83.0634146341463,366463,5.478,2.1,9.64908886,8.5838098526001,99.5327519
India,IND,2020,1907.04251637669,70.156,1402617695,7.859,28.3,3.34146094,4.29335021972656,43.40544313
Indonesia,IDN,2020,3853.70288774146,68.817,274814866,4.255,17.7,3.42067289,1.01593221347809,53.72649449
"Iran, Islamic Rep.",IRN,2020,3202.50003502169,74.141,87723443,9.687,11.8,4.96098137,3.20495009422302,75.56986637
Iraq,IRQ,2020,4295.18945121228,69.651,42116605,15.766,22.8,5.72766161,4.44,53.67779922
Ireland,IRL,2020,86514.0706108754,82.4560975609756,5039747,5.623,3.1,6.97323275,3.19163990020752,91.99989097
Israel,ISR,2020,44590.8237253282,82.6487804878049,9215100,4.169,2.8,7.74801874,6.51824998855591,90.12734091
Italy,ITA,2020,32091.4866621366,82.1951219512195,59438851,9.192,2.5,9.5643034,4.41803979873657,70.48342785
Jamaica,JAM,2020,5299.04530804283,71.452,2830739,6.501,17.2,7.47555304,5.38065828197341,76.38400269
Japan,JPN,2020,41098.9739004553,84.56,126261000,2.809,1.8,11.44974613,3.30628991127014,90.21945812
Jordan,JOR,2020,4411.48321838396,75.583,10865228,19.213,13.3,7.54554749,3.55303483980158,78.4178009
Kazakhstan,KAZ,2020,8781.50797787648,71.195,19482117,4.89,8.0,3.83133817,4.44620380169618,85.94259898
Kenya,KEN,2020,1927.66459027849,61.596,52217334,5.613,36.5,4.49248886,5.04574892454155,24.7227993
"Korea, Rep.",KOR,2020,33645.7719545073,83.4268292682927,51836239,3.931,2.5,8.02722836,4.52706003189087,96.50506052
Kuwait,KWT,2020,25236.0755848941,78.7609756097561,4400267,3.489,7.6,6.11295223,6.24513034913966,99.10587017
Kyrgyz Republic,KGZ,2020,1229.51766602907,71.8,6726596,5.945,15.6,4.93558979,5.7331600189209,72.0
Lao PDR,LAO,2020,2583.77730696131,68.339,7346533,2.349,31.9,2.05965185,1.91597273223857,54.0
Latvia,LVA,2020,17564.2321549354,75.1853658536585,1900449,8.098,3.1,7.50587368,4.99749994277954,88.89796078
Lebanon,LBN,2020,5561.19166950397,76.299,5702398,13.252,13.1,7.48221779,2.4354185601396,82.0664978
Lesotho,LSO,2020,918.582574704447,55.133,2235727,18.385,62.1,10.40836906,4.44,43.65750122
Liberia,LBR,2020,616.787867006715,61.267,5149463,4.102,63.4,12.90504265,2.13601415111746,22.91069984
Libya,LBY,2020,6650.33810585348,72.388,7045399,19.651,9.0,7.10674047,4.44,74.35810089
Lithuania,LTU,2020,20428.6478157394,75.0292682926829,2810369,8.487,3.1,7.41619062,4.47348022460938,83.05554724
Luxembourg,LUX,2020,116860.02817236,82.1439024390244,630419,6.766,2.0,5.7671175,3.85499000549316,98.45962893
Madagascar,MDG,2020,450.771615205157,62.706,28953556,3.292,44.3,3.72316122,3.25443385103636,11.35470009
Malawi,MWI,2020,602.507478176106,65.216,19533888,5.72,38.2,7.03859568,4.44,13.89949989
Malaysia,MYS,2020,9957.52626697613,76.057,33889558,4.54,6.8,4.08254337,3.91176009178162,89.55501192
Maldives,MDV,2020,7393.8886543933,78.713,502118,5.42,6.0,11.43943214,5.84760793108804,79.09780121
Mali,MLI,2020,953.242943290974,58.858,21713836,3.528,55.4,3.50623369,3.3367600440979,29.11300087
Malta,MLT,2020,31823.422001724,82.0975609756098,515490,4.856,5.2,9.85403538,4.44,86.85876183
Mauritania,MRT,2020,1795.72437324423,66.794,4600131,11.051,33.9,3.00147843,1.80263996124268,29.90649986
Mauritius,MUS,2020,9135.84773751062,74.1770731707317,1266014,8.626,14.1,6.09606028,4.35243988037109,67.73290684
Mexico,MEX,2020,8841.27074929751,70.449,126799054,4.44,13.4,6.05248594,4.4996600151062,71.49017499
Moldova,MDA,2020,4375.7788930524,69.914,2635130,1.206,14.3,7.00484037,6.60125017166138,74.11830139
Mongolia,MNG,2020,4001.25193077703,71.3490243902439,3327204,6.413,12.2,4.6662488,4.44,62.50002848
Montenegro,MNE,2020,7555.48699036321,75.9317073170732,626590,17.878,2.4,11.42177582,4.44,77.60879306
Morocco,MAR,2020,3268.0302734375,73.133,36584208,11.189,17.1,5.78939486,6.28428263644307,84.12036305
Mozambique,MOZ,2020,462.433876479921,61.39,30783688,5.019,48.6,7.55190039,6.17059556957808,14.28740025
Myanmar,MMR,2020,1490.21683548367,66.612,53016522,1.476,37.2,4.27808714,4.44,45.4477005
Namibia,NAM,2020,3878.58982993966,64.071,2728762,21.003,41.6,9.56060219,9.27799879073429,57.8608017
Nepal,NPL,2020,1154.21517578318,69.106,28966574,13.037,25.9,5.2080965,4.24355670934502,36.96530151
Netherlands,NLD,2020,53467.9277413737,81.3585365853659,17441500,3.82,3.5,10.94954681,5.29139995574951,91.33333333
New Zealand,NZL,2020,42054.6743136586,82.2560975609756,5072400,4.595,4.3,9.25240231,5.64268016815185,90.92099762
Nicaragua,NIC,2020,1938.44704754382,70.766,6565267,6.18,12.5,8.55739307,4.58034059162685,44.87490082
Niger,NER,2020,575.451340306915,59.89,23717613,0.591,69.1,6.17012262,3.81906792754322,11.85680008
Nigeria,NGA,2020,2797.184580679,53.072,213996181,5.714,69.5,3.38063431,0.35963763718498,31.88879967
North Macedonia,MKD,2020,6659.59651070776,74.3951219512195,1856124,16.575,5.3,7.73212385,4.44,81.40553811
Norway,NOR,2020,71057.5879471399,83.209756097561,5379475,4.424,2.0,11.42416382,8.37281036376953,94.60755647
Oman,OMN,2020,16784.8630630058,77.763,4522497,2.94,8.6,5.11922932,6.87768983840942,95.23229321
Pakistan,PAK,2020,1278.39735206896,65.701,235001746,5.994,54.6,2.95273018,2.05718240718423,18.935
Panama,PAN,2020,13290.5608347594,76.33,4293261,14.663,12.2,10.21630001,4.30487012863159,64.82430267
Papua New Guinea,PNG,2020,2429.61134585269,65.075,9815746,2.903,35.2,2.30193973,0.898018542083257,15.02040005
Paraguay,PRY,2020,5365.47220721191,72.72,6603739,7.548,16.5,7.67533064,3.93615007400513,73.95751114
Peru,PER,2020,6133.32552410183,73.832,32838579,7.179,12.2,6.34739399,4.25937986373901,65.25179796
Philippines,PHL,2020,3227.57910235199,70.097,112081264,2.522,22.7,5.16214037,3.85829051308063,53.76490021
Poland,POL,2020,16150.9304813473,76.4,37515748,3.155,3.8,6.42739105,4.80081987380981,83.18488715
Portugal,PRT,2020,22299.4044062173,81.3292682926829,10297081,6.85,2.8,10.52074051,4.86407995223999,78.26166044
Qatar,QAT,2020,51683.5054376677,80.409,2794148,0.14,5.2,3.81872201,3.23368000984192,99.65284913
Romania,ROU,2020,13009.1525348396,74.2536585365854,19265250,5.035,5.4,6.20959711,3.57968997955322,78.45526895
Russian Federation,RUS,2020,10108.3271484375,71.3387804878049,145245148,5.62,4.6,8.04076004,4.01641864383637,84.99466978
Rwanda,RWA,2020,802.638686936204,66.953,13065837,11.829,31.3,5.79862261,3.33309745728459,23.8
Sao Tome and Principe,STP,2020,2167.22001796925,67.979,217435,9.679,10.8,7.32044411,5.02931173372591,51.55469894
Saudi Arabia,SAU,2020,24338.8307301067,77.596,31552510,7.66,5.4,6.64630127,4.44,97.8623325
Senegal,SEN,2020,1461.08720350553,67.496,16789219,3.432,33.7,5.15119171,5.6869797706604,53.30879974
Serbia,SRB,2020,8098.70955668849,74.4780487804878,6899126,9.011,4.7,8.30643559,4.44,78.36804864
Sierra Leone,SLE,2020,845.277558236182,59.694,7912558,3.509,61.9,5.66489744,5.34702014923096,17.12080002
Singapore,SGP,2020,61772.5036492256,83.5439024390244,5685807,4.1,2.0,5.70015287,2.69227004051208,92.00434653
Slovak Republic,SVK,2020,19735.4858280801,76.8658536585366,5458827,6.719,5.0,7.06027794,4.720290184021,89.92090413
Slovenia,SVN,2020,25392.0651093612,80.5317073170732,2102419,4.971,1.9,9.48984432,5.41901016235352,86.60130109
Solomon Islands,SLB,2020,2063.32780991967,69.258,744498,0.868,18.3,4.89478445,9.64354620369343,24.1984005
"Somalia, Fed. Rep.",SOM,2020,518.16113333875,57.095,16651191,19.414,72.9,2.47010517,6.12054361034e-06,15.02369976
South Africa,ZAF,2020,5580.60383075189,65.15,60562381,29.217,24.5,9.02174091,6.17067003250122,72.1128006
Spain,ESP,2020,27233.9426461608,82.2317073170732,47359424,15.532,2.6,10.79479218,4.85118007659912,93.20564892
Sri Lanka,LKA,2020,3847.60136741182,76.928,21919000,5.364,6.0,4.27431631,1.55792392223723,36.18473435
St. Lucia,LCA,2020,8537.11495506727,72.308,178250,25.224,16.5,7.01033401,3.61522006988525,62.06399918
St. Vincent and the Grenadines,VCT,2020,8351.20324040982,69.605,103526,20.635,12.2,4.87071276,5.46376310406546,63.38100052
Sweden,SWE,2020,52568.5726980146,82.3560975609756,10353442,8.291,2.1,11.42458725,7.95333003997803,94.53943122
Switzerland,CHE,2020,87529.7016394892,83.0,8638167,4.817,3.5,11.98960876,5.27676010131836,94.34999847
Tajikistan,TJK,2020,834.311715460625,68.605,9749310,7.576,24.9,8.8903532,5.13516829187823,27.54409981
Tanzania,TZA,2020,1117.41528320313,66.771,60972798,1.792,33.2,3.05028677,3.23097255920833,19.48139954
Thailand,THA,2020,6983.03412836245,77.331,71641484,1.099,8.7,4.35724688,3.15314171737183,77.84374066
Timor-Leste,TLS,2020,1630.86935439232,66.919,1326053,2.808,38.7,7.26445007,3.65287360437751,32.01269913
Togo,TGO,2020,961.219781201934,61.14,7788054,2.231,39.1,6.18928432,4.08528017372931,29.02370071
Tonga,TON,2020,4792.35872413906,72.379,105704,2.712,8.7,5.55919838,5.04883511346915,54.47370148
Trinidad and Tobago,TTO,2020,15283.6270531554,72.645,1366725,4.206,18.8,7.47677326,4.22041988372803,77.28130341
Tunisia,TUN,2020,3548.65363663803,75.004,11974057,17.651,13.5,7.05612612,7.26507545467782,68.55639648
Turkiye,TUR,2020,8798.11791709313,76.525,83384680,13.148,9.1,4.61640215,4.03382015228271,77.6695605
Uganda,UGA,2020,845.766463890124,66.41,44457152,3.819,36.6,5.23865509,2.57222181308255,7.4
Ukraine,UKR,2020,3709.76928710938,73.283,44680014,9.475,8.2,7.56217051,5.38230991363525,75.03790912
United Arab Emirates,ARE,2020,37991.738387966,81.936,9401038,4.294,4.7,5.82477045,3.98417997360229,100.0
United Kingdom,GBR,2020,40815.1255364787,80.331756097561,66740000,4.472,3.9,12.10388088,5.43936014175415,94.81820132
United States,USA,2020,64465.2971415748,76.9804878048781,331578104,8.055,5.5,18.51597404,5.39530992507935,90.34470367
Uruguay,URY,2020,15757.5341990356,78.381,3398968,10.413,6.1,9.08774948,4.55217981338501,85.47100067
Uzbekistan,UZB,2020,2087.96374711792,71.461,33586372,5.293,14.4,6.08597755,4.44021987915039,71.09999824
"Venezuela, RB",VEN,2020,1506.04169391285,72.369,28444077,7.53,21.2,4.11615133,4.44,72.44110107
Viet Nam,VNM,2020,3534.03953482647,75.383,98079191,2.103,13.7,4.33219814,3.21652900152514,70.30000012
West Bank and Gaza,PSE,2020,3233.56863835858,74.998,4803269,25.895,13.2,10.27610207,4.44,76.18160248
Zambia,ZMB,2020,951.644316655957,63.361,19059395,6.032,35.7,6.3067441,3.94374100561712,14.64579964
Zimbabwe,ZWE,2020,2059.63704025274,61.53,15526888,8.617,57.8,2.95440102,4.44,29.29856532
