"season","round","race_name","driver_name","grid_position","qualifying_position","race_points","predicted_points","residual"
2022,1,"Bahrain Grand Prix","Lewis Hamilton",5,5,15,8.03,6.97
2022,1,"Bahrain Grand Prix","Fernando Alonso",8,8,2,6.41,-4.41
2022,1,"Bahrain Grand Prix","Nico Hülkenberg",17,17,0,1.56,-1.56
2022,1,"Bahrain Grand Prix","Sergio Pérez",4,4,0,8.56,-8.56
2022,1,"Bahrain Grand Prix","Daniel Ricciardo",18,18,0,1.02,-1.02
2022,1,"Bahrain Grand Prix","Valtteri Bottas",6,6,8,7.49,0.51
2022,1,"Bahrain Grand Prix","Kevin Magnussen",7,7,10,6.95,3.05
2022,1,"Bahrain Grand Prix","Max Verstappen",2,2,0,9.64,-9.64
2022,1,"Bahrain Grand Prix","Carlos Sainz",3,3,18,9.1,8.9
2022,1,"Bahrain Grand Prix","Esteban Ocon",11,11,6,4.79,1.21
2022,1,"Bahrain Grand Prix","Lance Stroll",19,19,0,0.48,-0.48
2022,1,"Bahrain Grand Prix","Pierre Gasly",10,10,0,5.33,-5.33
2022,1,"Bahrain Grand Prix","Charles Leclerc",1,1,26,10.18,15.82
2022,1,"Bahrain Grand Prix","Lando Norris",13,13,0,3.71,-3.71
2022,1,"Bahrain Grand Prix","George Russell",9,9,12,5.87,6.13
2022,1,"Bahrain Grand Prix","Alexander Albon",14,14,0,3.17,-3.17
2022,1,"Bahrain Grand Prix","Nicholas Latifi",20,20,0,0,0
2022,1,"Bahrain Grand Prix","Yuki Tsunoda",16,16,4,2.1,1.9
2022,1,"Bahrain Grand Prix","Mick Schumacher",12,12,0,4.25,-4.25
2022,1,"Bahrain Grand Prix","Guanyu Zhou",15,15,1,2.64,-1.64
2022,2,"Saudi Arabian Grand Prix","Lewis Hamilton",15,16,1,2.82,-1.82
2022,2,"Saudi Arabian Grand Prix","Fernando Alonso",7,7,0,6.84,-6.84
2022,2,"Saudi Arabian Grand Prix","Nico Hülkenberg",17,18,0,1.11,-1.11
2022,2,"Saudi Arabian Grand Prix","Sergio Pérez",1,1,12,9.97,2.03
2022,2,"Saudi Arabian Grand Prix","Daniel Ricciardo",14,12,0,3.45,-3.45
2022,2,"Saudi Arabian Grand Prix","Valtteri Bottas",8,8,0,6.52,-6.52
2022,2,"Saudi Arabian Grand Prix","Kevin Magnussen",10,10,2,5.52,-3.52
2022,2,"Saudi Arabian Grand Prix","Max Verstappen",4,4,25,8.36,16.64
2022,2,"Saudi Arabian Grand Prix","Carlos Sainz",3,3,15,9.69,5.31
2022,2,"Saudi Arabian Grand Prix","Esteban Ocon",5,5,8,8.06,-0.06
2022,2,"Saudi Arabian Grand Prix","Lance Stroll",13,15,0,3.02,-3.02
2022,2,"Saudi Arabian Grand Prix","Pierre Gasly",9,9,4,5.67,-1.67
2022,2,"Saudi Arabian Grand Prix","Charles Leclerc",2,2,19,10.53,8.47
2022,2,"Saudi Arabian Grand Prix","Lando Norris",11,11,6,4.58,1.42
2022,2,"Saudi Arabian Grand Prix","George Russell",6,6,10,7.8,2.2
2022,2,"Saudi Arabian Grand Prix","Alexander Albon",16,17,0,1.65,-1.65
2022,2,"Saudi Arabian Grand Prix","Nicholas Latifi",18,19,0,0.57,-0.57
2022,2,"Saudi Arabian Grand Prix","Yuki Tsunoda",19,20,0,0.19,-0.19
2022,2,"Saudi Arabian Grand Prix","Guanyu Zhou",12,13,0,3.87,-3.87
2022,3,"Australian Grand Prix","Lewis Hamilton",5,5,12,8.32,3.68
2022,3,"Australian Grand Prix","Fernando Alonso",10,10,0,5.04,-5.04
2022,3,"Australian Grand Prix","Sebastian Vettel",17,18,0,0.9,-0.9
2022,3,"Australian Grand Prix","Sergio Pérez",3,3,18,9.24,8.76
2022,3,"Australian Grand Prix","Daniel Ricciardo",7,7,8,6.55,1.45
2022,3,"Australian Grand Prix","Valtteri Bottas",12,12,4,4.16,-0.16
2022,3,"Australian Grand Prix","Kevin Magnussen",16,17,0,1.92,-1.92
2022,3,"Australian Grand Prix","Max Verstappen",2,2,0,10.26,-10.26
2022,3,"Australian Grand Prix","Carlos Sainz",9,9,0,6.91,-6.91
2022,3,"Australian Grand Prix","Esteban Ocon",8,8,6,6.56,-0.56
2022,3,"Australian Grand Prix","Lance Stroll",19,20,0,0,0
2022,3,"Australian Grand Prix","Pierre Gasly",11,11,2,4.55,-2.55
2022,3,"Australian Grand Prix","Charles Leclerc",1,1,26,11.66,14.34
2022,3,"Australian Grand Prix","Lando Norris",4,4,10,8.39,1.61
2022,3,"Australian Grand Prix","George Russell",6,6,15,8,7
2022,3,"Australian Grand Prix","Alexander Albon",20,16,1,0.49,0.51
2022,3,"Australian Grand Prix","Nicholas Latifi",18,19,0,0.36,-0.36
2022,3,"Australian Grand Prix","Yuki Tsunoda",13,13,0,3.47,-3.47
2022,3,"Australian Grand Prix","Mick Schumacher",15,15,0,2.26,-2.26
2022,3,"Australian Grand Prix","Guanyu Zhou",14,14,0,2.82,-2.82
2022,4,"Emilia Romagna Grand Prix","Lewis Hamilton",14,13,0,4.02,-4.02
2022,4,"Emilia Romagna Grand Prix","Fernando Alonso",9,5,0,6.35,-6.35
2022,4,"Emilia Romagna Grand Prix","Sebastian Vettel",13,9,4,4.06,-0.06
2022,4,"Emilia Romagna Grand Prix","Sergio Pérez",3,7,18,8.79,9.21
2022,4,"Emilia Romagna Grand Prix","Daniel Ricciardo",6,6,0,7.23,-7.23
2022,4,"Emilia Romagna Grand Prix","Valtteri Bottas",7,8,10,6.57,3.43
2022,4,"Emilia Romagna Grand Prix","Kevin Magnussen",8,4,2,7.23,-5.23
2022,4,"Emilia Romagna Grand Prix","Max Verstappen",1,1,26,10.65,15.35
2022,4,"Emilia Romagna Grand Prix","Carlos Sainz",4,10,0,8.03,-8.03
2022,4,"Emilia Romagna Grand Prix","Esteban Ocon",16,19,0,1.55,-1.55
2022,4,"Emilia Romagna Grand Prix","Lance Stroll",15,15,1,2.01,-1.01
2022,4,"Emilia Romagna Grand Prix","Pierre Gasly",17,17,0,1.19,-1.19
2022,4,"Emilia Romagna Grand Prix","Charles Leclerc",2,2,8,11.96,-3.96
2022,4,"Emilia Romagna Grand Prix","Lando Norris",5,3,15,8.55,6.45
2022,4,"Emilia Romagna Grand Prix","George Russell",11,11,12,5.73,6.27
2022,4,"Emilia Romagna Grand Prix","Alexander Albon",18,20,0,0,0
2022,4,"Emilia Romagna Grand Prix","Nicholas Latifi",19,18,0,0.1,-0.1
2022,4,"Emilia Romagna Grand Prix","Yuki Tsunoda",12,16,6,2.84,3.16
2022,4,"Emilia Romagna Grand Prix","Mick Schumacher",10,12,0,4.26,-4.26
2022,5,"Miami Grand Prix","Lewis Hamilton",6,6,8,7.92,0.08
2022,5,"Miami Grand Prix","Fernando Alonso",11,11,0,4.1,-4.1
2022,5,"Miami Grand Prix","Sergio Pérez",4,4,12,9.81,2.19
2022,5,"Miami Grand Prix","Daniel Ricciardo",14,14,0,2.76,-2.76
2022,5,"Miami Grand Prix","Valtteri Bottas",5,5,6,8.08,-2.08
2022,5,"Miami Grand Prix","Kevin Magnussen",16,16,0,1.82,-1.82
2022,5,"Miami Grand Prix","Max Verstappen",3,3,26,10.46,15.54
2022,5,"Miami Grand Prix","Carlos Sainz",2,2,15,10.37,4.63
2022,5,"Miami Grand Prix","Esteban Ocon",20,20,4,0,4
2022,5,"Miami Grand Prix","Pierre Gasly",7,7,0,6.39,-6.39
2022,5,"Miami Grand Prix","Charles Leclerc",1,1,18,12.61,5.39
2022,5,"Miami Grand Prix","Lando Norris",8,8,0,6.84,-6.84
2022,5,"Miami Grand Prix","George Russell",12,12,10,5.46,4.54
2022,5,"Miami Grand Prix","Alexander Albon",18,18,2,0.23,1.77
2022,5,"Miami Grand Prix","Nicholas Latifi",19,19,0,0,0
2022,5,"Miami Grand Prix","Yuki Tsunoda",9,9,0,5.46,-5.46
2022,5,"Miami Grand Prix","Mick Schumacher",15,15,0,1.85,-1.85
2022,5,"Miami Grand Prix","Guanyu Zhou",17,17,0,0.83,-0.83
2022,6,"Spanish Grand Prix","Lewis Hamilton",6,6,10,8.07,1.93
2022,6,"Spanish Grand Prix","Fernando Alonso",20,17,2,0,2
2022,6,"Spanish Grand Prix","Sebastian Vettel",16,16,0,1.22,-1.22
2022,6,"Spanish Grand Prix","Sergio Pérez",5,5,19,9.62,9.38
2022,6,"Spanish Grand Prix","Daniel Ricciardo",9,9,0,5.25,-5.25
2022,6,"Spanish Grand Prix","Valtteri Bottas",7,7,8,7.03,0.97
2022,6,"Spanish Grand Prix","Kevin Magnussen",8,8,0,5.93,-5.93
2022,6,"Spanish Grand Prix","Max Verstappen",2,2,25,11.86,13.14
2022,6,"Spanish Grand Prix","Carlos Sainz",3,3,12,10.28,1.72
2022,6,"Spanish Grand Prix","Esteban Ocon",12,12,6,4.18,1.82
2022,6,"Spanish Grand Prix","Lance Stroll",17,18,0,0.37,-0.37
2022,6,"Spanish Grand Prix","Pierre Gasly",14,14,0,2.41,-2.41
2022,6,"Spanish Grand Prix","Charles Leclerc",1,1,0,13.16,-13.16
2022,6,"Spanish Grand Prix","Lando Norris",11,11,4,5.02,-1.02
2022,6,"Spanish Grand Prix","George Russell",4,4,15,9.99,5.01
2022,6,"Spanish Grand Prix","Alexander Albon",18,19,0,0,0
2022,6,"Spanish Grand Prix","Nicholas Latifi",19,20,0,0,0
2022,6,"Spanish Grand Prix","Yuki Tsunoda",13,13,1,3.09,-2.09
2022,6,"Spanish Grand Prix","Mick Schumacher",10,10,0,4.33,-4.33
2022,6,"Spanish Grand Prix","Guanyu Zhou",15,15,0,1.72,-1.72
2022,7,"Monaco Grand Prix","Lewis Hamilton",8,8,4,7.23,-3.23
2022,7,"Monaco Grand Prix","Fernando Alonso",7,7,6,5.95,0.05
2022,7,"Monaco Grand Prix","Sebastian Vettel",9,9,1,4.79,-3.79
2022,7,"Monaco Grand Prix","Sergio Pérez",3,3,25,11.33,13.67
2022,7,"Monaco Grand Prix","Daniel Ricciardo",14,14,0,2.36,-2.36
2022,7,"Monaco Grand Prix","Valtteri Bottas",12,12,2,4.45,-2.45
2022,7,"Monaco Grand Prix","Kevin Magnussen",13,13,0,3.03,-3.03
2022,7,"Monaco Grand Prix","Max Verstappen",4,4,15,11.63,3.37
2022,7,"Monaco Grand Prix","Carlos Sainz",2,2,18,11.09,6.91
2022,7,"Monaco Grand Prix","Esteban Ocon",10,10,0,5.29,-5.29
2022,7,"Monaco Grand Prix","Lance Stroll",18,18,0,0,0
2022,7,"Monaco Grand Prix","Pierre Gasly",17,17,0,0.58,-0.58
2022,7,"Monaco Grand Prix","Charles Leclerc",1,1,12,12.99,-0.99
2022,7,"Monaco Grand Prix","Lando Norris",5,5,9,8.2,0.8
2022,7,"Monaco Grand Prix","George Russell",6,6,10,9.34,0.66
2022,7,"Monaco Grand Prix","Alexander Albon",16,16,0,0.97,-0.97
2022,7,"Monaco Grand Prix","Nicholas Latifi",19,19,0,0,0
2022,7,"Monaco Grand Prix","Yuki Tsunoda",11,11,0,4,-4
2022,7,"Monaco Grand Prix","Mick Schumacher",15,15,0,1.43,-1.43
2022,7,"Monaco Grand Prix","Guanyu Zhou",20,20,0,0,0
2022,8,"Azerbaijan Grand Prix","Lewis Hamilton",7,7,12,7.75,4.25
2022,8,"Azerbaijan Grand Prix","Fernando Alonso",10,10,6,4.37,1.63
2022,8,"Azerbaijan Grand Prix","Sebastian Vettel",9,9,8,4.62,3.38
2022,8,"Azerbaijan Grand Prix","Sergio Pérez",2,2,19,12.7,6.3
2022,8,"Azerbaijan Grand Prix","Daniel Ricciardo",12,12,4,3.25,0.75
2022,8,"Azerbaijan Grand Prix","Valtteri Bottas",15,15,0,2.7,-2.7
2022,8,"Azerbaijan Grand Prix","Kevin Magnussen",16,16,0,1.2,-1.2
2022,8,"Azerbaijan Grand Prix","Max Verstappen",3,3,25,12.64,12.36
2022,8,"Azerbaijan Grand Prix","Carlos Sainz",4,4,0,10.56,-10.56
2022,8,"Azerbaijan Grand Prix","Esteban Ocon",13,13,1,3.49,-2.49
2022,8,"Azerbaijan Grand Prix","Lance Stroll",19,19,0,0,0
2022,8,"Azerbaijan Grand Prix","Pierre Gasly",6,6,10,6.31,3.69
2022,8,"Azerbaijan Grand Prix","Charles Leclerc",1,1,0,13.32,-13.32
2022,8,"Azerbaijan Grand Prix","Lando Norris",11,11,2,5.12,-3.12
2022,8,"Azerbaijan Grand Prix","George Russell",5,5,15,10.08,4.92
2022,8,"Azerbaijan Grand Prix","Alexander Albon",17,17,0,0.22,-0.22
2022,8,"Azerbaijan Grand Prix","Nicholas Latifi",18,18,0,0,0
2022,8,"Azerbaijan Grand Prix","Yuki Tsunoda",8,8,0,5.41,-5.41
2022,8,"Azerbaijan Grand Prix","Mick Schumacher",20,20,0,0,0
2022,8,"Azerbaijan Grand Prix","Guanyu Zhou",14,14,0,1.88,-1.88
2022,9,"Canadian Grand Prix","Lewis Hamilton",4,4,15,9.68,5.32
2022,9,"Canadian Grand Prix","Fernando Alonso",2,2,2,8.72,-6.72
2022,9,"Canadian Grand Prix","Sebastian Vettel",16,17,0,0.71,-0.71
2022,9,"Canadian Grand Prix","Sergio Pérez",13,13,0,7.39,-7.39
2022,9,"Canadian Grand Prix","Daniel Ricciardo",9,9,0,4.83,-4.83
2022,9,"Canadian Grand Prix","Valtteri Bottas",11,11,6,4.65,1.35
2022,9,"Canadian Grand Prix","Kevin Magnussen",5,5,0,6.92,-6.92
2022,9,"Canadian Grand Prix","Max Verstappen",1,1,25,14.57,10.43
2022,9,"Canadian Grand Prix","Carlos Sainz",3,3,19,10.89,8.11
2022,9,"Canadian Grand Prix","Esteban Ocon",7,7,8,6.57,1.43
2022,9,"Canadian Grand Prix","Lance Stroll",17,18,1,0,1
2022,9,"Canadian Grand Prix","Pierre Gasly",15,16,0,1.4,-1.4
2022,9,"Canadian Grand Prix","Charles Leclerc",19,15,10,4.37,5.63
2022,9,"Canadian Grand Prix","Lando Norris",14,14,0,3.38,-3.38
2022,9,"Canadian Grand Prix","George Russell",8,8,12,8.89,3.11
2022,9,"Canadian Grand Prix","Alexander Albon",12,12,0,2.71,-2.71
2022,9,"Canadian Grand Prix","Nicholas Latifi",18,19,0,0,0
2022,9,"Canadian Grand Prix","Yuki Tsunoda",20,20,0,0,0
2022,9,"Canadian Grand Prix","Mick Schumacher",6,6,0,5.87,-5.87
2022,9,"Canadian Grand Prix","Guanyu Zhou",10,10,4,3.82,0.18
2022,10,"British Grand Prix","Lewis Hamilton",5,5,16,9.57,6.43
2022,10,"British Grand Prix","Fernando Alonso",7,7,10,5.92,4.08
2022,10,"British Grand Prix","Sebastian Vettel",18,18,2,0,2
2022,10,"British Grand Prix","Sergio Pérez",4,4,18,12.12,5.88
2022,10,"British Grand Prix","Daniel Ricciardo",14,14,0,1.93,-1.93
2022,10,"British Grand Prix","Valtteri Bottas",12,12,0,4.16,-4.16
2022,10,"British Grand Prix","Kevin Magnussen",17,17,1,0.25,0.75
2022,10,"British Grand Prix","Max Verstappen",2,2,6,14.82,-8.82
2022,10,"British Grand Prix","Carlos Sainz",1,1,25,12.55,12.45
2022,10,"British Grand Prix","Esteban Ocon",15,15,0,2.38,-2.38
2022,10,"British Grand Prix","Lance Stroll",20,20,0,0,0
2022,10,"British Grand Prix","Pierre Gasly",11,11,0,3.59,-3.59
2022,10,"British Grand Prix","Charles Leclerc",3,3,12,12.28,-0.28
2022,10,"British Grand Prix","Lando Norris",6,6,8,7.49,0.51
2022,10,"British Grand Prix","George Russell",8,8,0,9.21,-9.21
2022,10,"British Grand Prix","Alexander Albon",16,16,0,0.35,-0.35
2022,10,"British Grand Prix","Nicholas Latifi",10,10,0,3.47,-3.47
2022,10,"British Grand Prix","Yuki Tsunoda",13,13,0,2.33,-2.33
2022,10,"British Grand Prix","Mick Schumacher",19,19,4,0,4
2022,10,"British Grand Prix","Guanyu Zhou",9,9,0,4.33,-4.33
2022,11,"Austrian Grand Prix","Lewis Hamilton",8,9,15,8.15,6.85
2022,11,"Austrian Grand Prix","Fernando Alonso",19,8,1,2.3,-1.3
2022,11,"Austrian Grand Prix","Sebastian Vettel",18,20,0,0,0
2022,11,"Austrian Grand Prix","Sergio Pérez",5,13,0,10.18,-10.18
2022,11,"Austrian Grand Prix","Daniel Ricciardo",11,16,2,2.15,-0.15
2022,11,"Austrian Grand Prix","Kevin Magnussen",7,6,4,5.72,-1.72
2022,11,"Austrian Grand Prix","Max Verstappen",1,1,19,15.45,3.55
2022,11,"Austrian Grand Prix","Carlos Sainz",3,3,0,12.3,-12.3
2022,11,"Austrian Grand Prix","Esteban Ocon",6,5,10,7.29,2.71
2022,11,"Austrian Grand Prix","Lance Stroll",12,17,0,1.14,-1.14
2022,11,"Austrian Grand Prix","Pierre Gasly",14,10,0,2.74,-2.74
2022,11,"Austrian Grand Prix","Charles Leclerc",2,2,25,13.17,11.83
2022,11,"Austrian Grand Prix","Lando Norris",10,15,6,4.24,1.76
2022,11,"Austrian Grand Prix","George Russell",4,4,12,11.21,0.79
2022,11,"Austrian Grand Prix","Alexander Albon",15,11,0,1.64,-1.64
2022,11,"Austrian Grand Prix","Nicholas Latifi",17,19,0,0,0
2022,11,"Austrian Grand Prix","Yuki Tsunoda",16,14,0,0.99,-0.99
2022,11,"Austrian Grand Prix","Mick Schumacher",9,7,8,4.48,3.52
2022,11,"Austrian Grand Prix","Guanyu Zhou",13,18,0,0.77,-0.77
2022,12,"French Grand Prix","Lewis Hamilton",4,4,18,10.97,7.03
2022,12,"French Grand Prix","Fernando Alonso",7,7,8,5.97,2.03
2022,12,"French Grand Prix","Sebastian Vettel",12,14,0,2.09,-2.09
2022,12,"French Grand Prix","Sergio Pérez",3,3,12,13.04,-1.04
2022,12,"French Grand Prix","Daniel Ricciardo",9,11,2,3.85,-1.85
2022,12,"French Grand Prix","Valtteri Bottas",11,13,0,3.8,-3.8
2022,12,"French Grand Prix","Kevin Magnussen",20,10,0,0.86,-0.86
2022,12,"French Grand Prix","Max Verstappen",2,2,25,15.46,9.54
2022,12,"French Grand Prix","Carlos Sainz",19,9,11,5.96,5.04
2022,12,"French Grand Prix","Esteban Ocon",10,12,4,4.61,-0.61
2022,12,"French Grand Prix","Lance Stroll",15,17,1,0.03,0.97
2022,12,"French Grand Prix","Pierre Gasly",14,16,0,1.08,-1.08
2022,12,"French Grand Prix","Charles Leclerc",1,1,0,14.5,-14.5
2022,12,"French Grand Prix","Lando Norris",5,5,6,8.18,-2.18
2022,12,"French Grand Prix","George Russell",6,6,15,10.45,4.55
2022,12,"French Grand Prix","Alexander Albon",13,15,0,1.07,-1.07
2022,12,"French Grand Prix","Nicholas Latifi",18,20,0,0,0
2022,12,"French Grand Prix","Yuki Tsunoda",8,8,0,4.61,-4.61
2022,12,"French Grand Prix","Mick Schumacher",17,19,0,0,0
2022,12,"French Grand Prix","Guanyu Zhou",16,18,0,0,0
2022,13,"Hungarian Grand Prix","Lewis Hamilton",7,7,19,9.91,9.09
2022,13,"Hungarian Grand Prix","Fernando Alonso",6,6,4,6.64,-2.64
2022,13,"Hungarian Grand Prix","Sebastian Vettel",18,18,1,0,1
2022,13,"Hungarian Grand Prix","Sergio Pérez",11,11,10,9.08,0.92
2022,13,"Hungarian Grand Prix","Daniel Ricciardo",9,9,0,4.22,-4.22
2022,13,"Hungarian Grand Prix","Valtteri Bottas",8,8,0,5.69,-5.69
2022,13,"Hungarian Grand Prix","Kevin Magnussen",13,13,0,2.02,-2.02
2022,13,"Hungarian Grand Prix","Max Verstappen",10,10,25,11.98,13.02
2022,13,"Hungarian Grand Prix","Carlos Sainz",2,2,12,12.94,-0.94
2022,13,"Hungarian Grand Prix","Esteban Ocon",5,5,2,7.76,-5.76
2022,13,"Hungarian Grand Prix","Lance Stroll",14,14,0,0.89,-0.89
2022,13,"Hungarian Grand Prix","Charles Leclerc",3,3,8,13.25,-5.25
2022,13,"Hungarian Grand Prix","Lando Norris",4,4,6,8.76,-2.76
2022,13,"Hungarian Grand Prix","George Russell",1,1,15,13.59,1.41
2022,13,"Hungarian Grand Prix","Alexander Albon",17,17,0,0,0
2022,13,"Hungarian Grand Prix","Nicholas Latifi",19,20,0,0,0
2022,13,"Hungarian Grand Prix","Yuki Tsunoda",16,16,0,0.09,-0.09
2022,13,"Hungarian Grand Prix","Mick Schumacher",15,15,0,0.68,-0.68
2022,13,"Hungarian Grand Prix","Guanyu Zhou",12,12,0,2.1,-2.1
2022,14,"Belgian Grand Prix","Lewis Hamilton",4,7,0,11.4,-11.4
2022,14,"Belgian Grand Prix","Fernando Alonso",3,6,10,7.49,2.51
2022,14,"Belgian Grand Prix","Sebastian Vettel",10,16,4,1.83,2.17
2022,14,"Belgian Grand Prix","Sergio Pérez",2,3,18,13.95,4.05
2022,14,"Belgian Grand Prix","Daniel Ricciardo",7,11,0,4.14,-4.14
2022,14,"Belgian Grand Prix","Valtteri Bottas",13,20,0,1.1,-1.1
2022,14,"Belgian Grand Prix","Kevin Magnussen",12,18,0,0.9,-0.9
2022,14,"Belgian Grand Prix","Max Verstappen",14,1,26,13.78,12.22
2022,14,"Belgian Grand Prix","Carlos Sainz",1,2,15,13.53,1.47
2022,14,"Belgian Grand Prix","Esteban Ocon",16,5,6,4.37,1.63
2022,14,"Belgian Grand Prix","Lance Stroll",9,14,0,2.17,-2.17
2022,14,"Belgian Grand Prix","Charles Leclerc",15,4,8,9.58,-1.58
2022,14,"Belgian Grand Prix","Lando Norris",17,10,0,3.47,-3.47
2022,14,"Belgian Grand Prix","George Russell",5,8,12,11.16,0.84
2022,14,"Belgian Grand Prix","Alexander Albon",6,9,1,4.18,-3.18
2022,14,"Belgian Grand Prix","Nicholas Latifi",11,17,0,0.65,-0.65
2022,14,"Belgian Grand Prix","Mick Schumacher",19,15,0,0,0
2022,14,"Belgian Grand Prix","Guanyu Zhou",18,13,0,0,0
2022,15,"Dutch Grand Prix","Lewis Hamilton",4,4,12,11.95,0.05
2022,15,"Dutch Grand Prix","Fernando Alonso",13,13,8,3.03,4.97
2022,15,"Dutch Grand Prix","Sebastian Vettel",19,19,0,0,0
2022,15,"Dutch Grand Prix","Sergio Pérez",5,5,10,13.17,-3.17
2022,15,"Dutch Grand Prix","Daniel Ricciardo",17,17,0,0,0
2022,15,"Dutch Grand Prix","Valtteri Bottas",16,16,0,0.96,-0.96
2022,15,"Dutch Grand Prix","Kevin Magnussen",18,18,0,0,0
2022,15,"Dutch Grand Prix","Max Verstappen",1,1,26,18.53,7.47
2022,15,"Dutch Grand Prix","Carlos Sainz",3,3,4,13.11,-9.11
2022,15,"Dutch Grand Prix","Esteban Ocon",12,12,2,3.94,-1.94
2022,15,"Dutch Grand Prix","Lance Stroll",10,10,1,2.64,-1.64
2022,15,"Dutch Grand Prix","Pierre Gasly",11,11,0,2.64,-2.64
2022,15,"Dutch Grand Prix","Charles Leclerc",2,2,15,14.1,0.9
2022,15,"Dutch Grand Prix","Lando Norris",7,7,6,6.97,-0.97
2022,15,"Dutch Grand Prix","George Russell",6,6,18,11.61,6.39
2022,15,"Dutch Grand Prix","Alexander Albon",15,15,0,0,0
2022,15,"Dutch Grand Prix","Nicholas Latifi",20,20,0,0,0
2022,15,"Dutch Grand Prix","Yuki Tsunoda",9,9,0,3.46,-3.46
2022,15,"Dutch Grand Prix","Mick Schumacher",8,8,0,4.04,-4.04
2022,15,"Dutch Grand Prix","Guanyu Zhou",14,14,0,0.6,-0.6
2022,16,"Italian Grand Prix","Lewis Hamilton",19,5,10,7.57,2.43
2022,16,"Italian Grand Prix","Fernando Alonso",6,10,0,5.96,-5.96
2022,16,"Italian Grand Prix","Sebastian Vettel",11,17,0,1.04,-1.04
2022,16,"Italian Grand Prix","Sergio Pérez",13,4,9,11.3,-2.3
2022,16,"Italian Grand Prix","Daniel Ricciardo",4,8,0,5.36,-5.36
2022,16,"Italian Grand Prix","Valtteri Bottas",15,12,0,2.02,-2.02
2022,16,"Italian Grand Prix","Kevin Magnussen",16,19,0,0,0
2022,16,"Italian Grand Prix","Max Verstappen",7,2,25,17.37,7.63
2022,16,"Italian Grand Prix","Carlos Sainz",18,3,12,8.65,3.35
2022,16,"Italian Grand Prix","Esteban Ocon",14,11,0,3.48,-3.48
2022,16,"Italian Grand Prix","Lance Stroll",12,18,0,0,0
2022,16,"Italian Grand Prix","Pierre Gasly",5,9,4,4.7,-0.7
2022,16,"Italian Grand Prix","Charles Leclerc",1,1,18,15.04,2.96
2022,16,"Italian Grand Prix","Lando Norris",3,7,6,8.19,-2.19
2022,16,"Italian Grand Prix","George Russell",2,6,15,13.35,1.65
2022,16,"Italian Grand Prix","Nicholas Latifi",10,16,0,0.78,-0.78
2022,16,"Italian Grand Prix","Yuki Tsunoda",20,15,0,0,0
2022,16,"Italian Grand Prix","Mick Schumacher",17,20,0,0,0
2022,16,"Italian Grand Prix","Guanyu Zhou",9,14,1,1.88,-0.88
2022,16,"Italian Grand Prix","Nyck de Vries",8,13,2,2.1,-0.1
2022,17,"Singapore Grand Prix","Lewis Hamilton",3,3,2,13.06,-11.06
2022,17,"Singapore Grand Prix","Fernando Alonso",5,5,0,7.25,-7.25
2022,17,"Singapore Grand Prix","Sebastian Vettel",13,14,4,0.96,3.04
2022,17,"Singapore Grand Prix","Sergio Pérez",2,2,25,15.29,9.71
2022,17,"Singapore Grand Prix","Daniel Ricciardo",16,17,10,0,10
2022,17,"Singapore Grand Prix","Valtteri Bottas",15,16,0,0.84,-0.84
2022,17,"Singapore Grand Prix","Kevin Magnussen",9,9,0,3.34,-3.34
2022,17,"Singapore Grand Prix","Max Verstappen",8,8,6,16.44,-10.44
2022,17,"Singapore Grand Prix","Carlos Sainz",4,4,15,12.9,2.1
2022,17,"Singapore Grand Prix","Esteban Ocon",17,18,0,0.69,-0.69
2022,17,"Singapore Grand Prix","Lance Stroll",11,12,8,1.49,6.51
2022,17,"Singapore Grand Prix","Pierre Gasly",7,7,1,4.54,-3.54
2022,17,"Singapore Grand Prix","Charles Leclerc",1,1,18,15.59,2.41
2022,17,"Singapore Grand Prix","Lando Norris",6,6,12,7.57,4.43
2022,17,"Singapore Grand Prix","Alexander Albon",18,19,0,0,0
2022,17,"Singapore Grand Prix","Nicholas Latifi",19,20,0,0,0
2022,17,"Singapore Grand Prix","Yuki Tsunoda",10,10,0,2.51,-2.51
2022,17,"Singapore Grand Prix","Mick Schumacher",12,13,0,1.22,-1.22
2022,17,"Singapore Grand Prix","Guanyu Zhou",14,15,0,0,0
2022,18,"Japanese Grand Prix","Lewis Hamilton",6,6,10,11.31,-1.31
2022,18,"Japanese Grand Prix","Fernando Alonso",7,7,6,5.97,0.03
2022,18,"Japanese Grand Prix","Sebastian Vettel",9,9,8,3.34,4.66
2022,18,"Japanese Grand Prix","Sergio Pérez",4,4,18,15.02,2.98
2022,18,"Japanese Grand Prix","Daniel Ricciardo",11,11,0,2.59,-2.59
2022,18,"Japanese Grand Prix","Valtteri Bottas",12,12,0,2.5,-2.5
2022,18,"Japanese Grand Prix","Kevin Magnussen",18,18,0,0,0
2022,18,"Japanese Grand Prix","Max Verstappen",1,1,25,20.32,4.68
2022,18,"Japanese Grand Prix","Carlos Sainz",3,3,0,13.89,-13.89
2022,18,"Japanese Grand Prix","Esteban Ocon",5,5,12,7.19,4.81
2022,18,"Japanese Grand Prix","Lance Stroll",19,19,0,0,0
2022,18,"Japanese Grand Prix","Pierre Gasly",17,17,0,0,0
2022,18,"Japanese Grand Prix","Charles Leclerc",2,2,15,15.61,-0.61
2022,18,"Japanese Grand Prix","Lando Norris",10,10,1,5.71,-4.71
2022,18,"Japanese Grand Prix","George Russell",8,8,4,11.3,-7.3
2022,18,"Japanese Grand Prix","Alexander Albon",16,16,0,0,0
2022,18,"Japanese Grand Prix","Nicholas Latifi",20,20,2,0,2
2022,18,"Japanese Grand Prix","Yuki Tsunoda",13,13,0,0.69,-0.69
2022,18,"Japanese Grand Prix","Mick Schumacher",15,15,0,0,0
2022,18,"Japanese Grand Prix","Guanyu Zhou",14,14,0,0.02,-0.02
2022,19,"United States Grand Prix","Lewis Hamilton",3,5,18,12.65,5.35
2022,19,"United States Grand Prix","Fernando Alonso",14,9,6,3.47,2.53
2022,19,"United States Grand Prix","Sebastian Vettel",10,12,4,2.43,1.57
2022,19,"United States Grand Prix","Sergio Pérez",9,4,12,14.12,-2.12
2022,19,"United States Grand Prix","Daniel Ricciardo",15,17,0,0,0
2022,19,"United States Grand Prix","Valtteri Bottas",7,10,0,4.26,-4.26
2022,19,"United States Grand Prix","Kevin Magnussen",13,16,2,0.05,1.95
2022,19,"United States Grand Prix","Max Verstappen",2,3,25,20.39,4.61
2022,19,"United States Grand Prix","Carlos Sainz",1,1,0,14.8,-14.8
2022,19,"United States Grand Prix","Lance Stroll",5,7,0,4.42,-4.42
2022,19,"United States Grand Prix","Pierre Gasly",11,13,0,1.52,-1.52
2022,19,"United States Grand Prix","Charles Leclerc",12,2,15,13.02,1.98
2022,19,"United States Grand Prix","Lando Norris",6,8,8,7.22,0.78
2022,19,"United States Grand Prix","George Russell",4,6,11,12.96,-1.96
2022,19,"United States Grand Prix","Alexander Albon",8,11,0,2.12,-2.12
2022,19,"United States Grand Prix","Nicholas Latifi",17,20,0,0,0
2022,19,"United States Grand Prix","Yuki Tsunoda",19,15,1,0,1
2022,19,"United States Grand Prix","Mick Schumacher",16,19,0,0,0
2022,19,"United States Grand Prix","Guanyu Zhou",18,14,0,0,0
2022,20,"Mexico City Grand Prix","Lewis Hamilton",3,3,18,13.68,4.32
2022,20,"Mexico City Grand Prix","Fernando Alonso",9,9,0,4.99,-4.99
2022,20,"Mexico City Grand Prix","Sebastian Vettel",16,17,0,0,0
2022,20,"Mexico City Grand Prix","Sergio Pérez",4,4,15,15.95,-0.95
2022,20,"Mexico City Grand Prix","Daniel Ricciardo",11,11,6,2.21,3.79
2022,20,"Mexico City Grand Prix","Valtteri Bottas",6,6,1,5.32,-4.32
2022,20,"Mexico City Grand Prix","Kevin Magnussen",19,15,0,0,0
2022,20,"Mexico City Grand Prix","Max Verstappen",1,1,25,22,3
2022,20,"Mexico City Grand Prix","Carlos Sainz",5,5,10,12.48,-2.48
2022,20,"Mexico City Grand Prix","Esteban Ocon",10,10,4,4.6,-0.6
2022,20,"Mexico City Grand Prix","Lance Stroll",20,18,0,0,0
2022,20,"Mexico City Grand Prix","Pierre Gasly",14,14,0,0.18,-0.18
2022,20,"Mexico City Grand Prix","Charles Leclerc",7,7,8,13.69,-5.69
2022,20,"Mexico City Grand Prix","Lando Norris",8,8,2,6.74,-4.74
2022,20,"Mexico City Grand Prix","George Russell",2,2,13,14.81,-1.81
2022,20,"Mexico City Grand Prix","Alexander Albon",17,19,0,0,0
2022,20,"Mexico City Grand Prix","Nicholas Latifi",18,20,0,0,0
2022,20,"Mexico City Grand Prix","Yuki Tsunoda",13,13,0,0.32,-0.32
2022,20,"Mexico City Grand Prix","Mick Schumacher",15,16,0,0,0
2022,20,"Mexico City Grand Prix","Guanyu Zhou",12,12,0,0.68,-0.68
2022,21,"Brazilian Grand Prix","Lewis Hamilton",2,8,18,13.32,4.68
2022,21,"Brazilian Grand Prix","Fernando Alonso",17,7,10,2.9,7.1
2022,21,"Brazilian Grand Prix","Sebastian Vettel",9,13,0,2.23,-2.23
2022,21,"Brazilian Grand Prix","Sergio Pérez",4,9,6,15.22,-9.22
2022,21,"Brazilian Grand Prix","Daniel Ricciardo",11,14,0,1.52,-1.52
2022,21,"Brazilian Grand Prix","Valtteri Bottas",14,18,2,0,2
2022,21,"Brazilian Grand Prix","Kevin Magnussen",8,1,0,4.82,-4.82
2022,21,"Brazilian Grand Prix","Max Verstappen",3,2,8,22,-14
2022,21,"Brazilian Grand Prix","Carlos Sainz",7,5,15,12.11,2.89
2022,21,"Brazilian Grand Prix","Esteban Ocon",16,6,4,3.73,0.27
2022,21,"Brazilian Grand Prix","Lance Stroll",15,15,1,0,1
2022,21,"Brazilian Grand Prix","Pierre Gasly",10,12,0,1.65,-1.65
2022,21,"Brazilian Grand Prix","Charles Leclerc",5,10,12,13.71,-1.71
2022,21,"Brazilian Grand Prix","Lando Norris",6,4,0,8.19,-8.19
2022,21,"Brazilian Grand Prix","George Russell",1,3,26,15.23,10.77
2022,21,"Brazilian Grand Prix","Alexander Albon",19,11,0,0,0
2022,21,"Brazilian Grand Prix","Nicholas Latifi",18,16,0,0,0
2022,21,"Brazilian Grand Prix","Mick Schumacher",12,20,0,0,0
2022,21,"Brazilian Grand Prix","Guanyu Zhou",13,17,0,0,0
2022,22,"Abu Dhabi Grand Prix","Lewis Hamilton",5,5,0,13.74,-13.74
2022,22,"Abu Dhabi Grand Prix","Fernando Alonso",10,11,0,4.22,-4.22
2022,22,"Abu Dhabi Grand Prix","Sebastian Vettel",9,9,1,2.99,-1.99
2022,22,"Abu Dhabi Grand Prix","Sergio Pérez",2,2,15,17.56,-2.56
2022,22,"Abu Dhabi Grand Prix","Daniel Ricciardo",13,10,2,1.68,0.32
2022,22,"Abu Dhabi Grand Prix","Valtteri Bottas",18,18,0,0,0
2022,22,"Abu Dhabi Grand Prix","Kevin Magnussen",16,16,0,0,0
2022,22,"Abu Dhabi Grand Prix","Max Verstappen",1,1,25,22.96,2.04
2022,22,"Abu Dhabi Grand Prix","Carlos Sainz",4,4,12,13.67,-1.67
2022,22,"Abu Dhabi Grand Prix","Esteban Ocon",8,8,6,5.61,0.39
2022,22,"Abu Dhabi Grand Prix","Lance Stroll",14,14,4,0,4
2022,22,"Abu Dhabi Grand Prix","Pierre Gasly",17,17,0,0,0
2022,22,"Abu Dhabi Grand Prix","Charles Leclerc",3,3,18,16.31,1.69
2022,22,"Abu Dhabi Grand Prix","Lando Norris",7,7,9,6.96,2.04
2022,22,"Abu Dhabi Grand Prix","George Russell",6,6,10,13.91,-3.91
2022,22,"Abu Dhabi Grand Prix","Alexander Albon",19,19,0,0,0
2022,22,"Abu Dhabi Grand Prix","Nicholas Latifi",20,20,0,0,0
2022,22,"Abu Dhabi Grand Prix","Yuki Tsunoda",11,12,0,0.74,-0.74
2022,22,"Abu Dhabi Grand Prix","Mick Schumacher",12,13,0,0.19,-0.19
2022,22,"Abu Dhabi Grand Prix","Guanyu Zhou",15,15,0,0,0
2023,1,"Bahrain Grand Prix","Lewis Hamilton",7,7,10,6.95,3.05
2023,1,"Bahrain Grand Prix","Fernando Alonso",5,5,15,8.03,6.97
2023,1,"Bahrain Grand Prix","Nico Hülkenberg",10,10,0,5.33,-5.33
2023,1,"Bahrain Grand Prix","Sergio Pérez",2,2,18,9.64,8.36
2023,1,"Bahrain Grand Prix","Valtteri Bottas",12,12,4,4.25,-0.25
2023,1,"Bahrain Grand Prix","Kevin Magnussen",17,17,0,1.56,-1.56
2023,1,"Bahrain Grand Prix","Max Verstappen",1,1,25,10.18,14.82
2023,1,"Bahrain Grand Prix","Carlos Sainz",4,4,12,8.56,3.44
2023,1,"Bahrain Grand Prix","Esteban Ocon",9,9,0,5.87,-5.87
2023,1,"Bahrain Grand Prix","Lance Stroll",8,8,8,6.41,1.59
2023,1,"Bahrain Grand Prix","Pierre Gasly",20,20,2,0,2
2023,1,"Bahrain Grand Prix","Charles Leclerc",3,3,0,9.1,-9.1
2023,1,"Bahrain Grand Prix","Lando Norris",11,11,0,4.79,-4.79
2023,1,"Bahrain Grand Prix","George Russell",6,6,6,7.49,-1.49
2023,1,"Bahrain Grand Prix","Alexander Albon",15,15,1,2.64,-1.64
2023,1,"Bahrain Grand Prix","Yuki Tsunoda",14,14,0,3.17,-3.17
2023,1,"Bahrain Grand Prix","Guanyu Zhou",13,13,0,3.71,-3.71
2023,1,"Bahrain Grand Prix","Nyck de Vries",19,19,0,0.48,-0.48
2023,1,"Bahrain Grand Prix","Oscar Piastri",18,18,0,1.02,-1.02
2023,1,"Bahrain Grand Prix","Logan Sargeant",16,16,0,2.1,-2.1
2023,2,"Saudi Arabian Grand Prix","Lewis Hamilton",7,8,10,6.92,3.08
2023,2,"Saudi Arabian Grand Prix","Fernando Alonso",2,3,15,9.82,5.18
2023,2,"Saudi Arabian Grand Prix","Nico Hülkenberg",10,11,0,4.88,-4.88
2023,2,"Saudi Arabian Grand Prix","Sergio Pérez",1,1,25,10.77,14.23
2023,2,"Saudi Arabian Grand Prix","Valtteri Bottas",14,14,0,3.13,-3.13
2023,2,"Saudi Arabian Grand Prix","Kevin Magnussen",13,13,1,3.51,-2.51
2023,2,"Saudi Arabian Grand Prix","Max Verstappen",15,15,19,3.48,15.52
2023,2,"Saudi Arabian Grand Prix","Carlos Sainz",4,5,8,8.59,-0.59
2023,2,"Saudi Arabian Grand Prix","Esteban Ocon",6,7,4,7.04,-3.04
2023,2,"Saudi Arabian Grand Prix","Lance Stroll",5,6,0,7.94,-7.94
2023,2,"Saudi Arabian Grand Prix","Pierre Gasly",9,10,2,5.5,-3.5
2023,2,"Saudi Arabian Grand Prix","Charles Leclerc",12,2,6,6.49,-0.49
2023,2,"Saudi Arabian Grand Prix","Lando Norris",19,19,0,0.27,-0.27
2023,2,"Saudi Arabian Grand Prix","George Russell",3,4,12,8.92,3.08
2023,2,"Saudi Arabian Grand Prix","Alexander Albon",17,17,0,1.39,-1.39
2023,2,"Saudi Arabian Grand Prix","Yuki Tsunoda",16,16,0,1.89,-1.89
2023,2,"Saudi Arabian Grand Prix","Guanyu Zhou",11,12,0,4.35,-4.35
2023,2,"Saudi Arabian Grand Prix","Nyck de Vries",18,18,0,0.81,-0.81
2023,2,"Saudi Arabian Grand Prix","Oscar Piastri",8,9,0,5.96,-5.96
2023,2,"Saudi Arabian Grand Prix","Logan Sargeant",20,20,0,0,0
2023,3,"Australian Grand Prix","Lewis Hamilton",3,3,18,9.54,8.46
2023,3,"Australian Grand Prix","Fernando Alonso",4,4,15,9.37,5.63
2023,3,"Australian Grand Prix","Nico Hülkenberg",10,10,6,4.92,1.08
2023,3,"Australian Grand Prix","Kevin Magnussen",14,14,0,2.8,-2.8
2023,3,"Australian Grand Prix","Max Verstappen",1,1,25,11.66,13.34
2023,3,"Australian Grand Prix","Carlos Sainz",5,5,0,8.43,-8.43
2023,3,"Australian Grand Prix","Esteban Ocon",11,11,0,4.55,-4.55
2023,3,"Australian Grand Prix","Lance Stroll",6,6,12,7.48,4.52
2023,3,"Australian Grand Prix","Pierre Gasly",9,9,0,5.63,-5.63
2023,3,"Australian Grand Prix","Charles Leclerc",7,7,0,6.83,-6.83
2023,3,"Australian Grand Prix","Lando Norris",13,13,8,3.3,4.7
2023,3,"Australian Grand Prix","George Russell",2,2,0,10.01,-10.01
2023,3,"Australian Grand Prix","Alexander Albon",8,8,0,6.03,-6.03
2023,3,"Australian Grand Prix","Yuki Tsunoda",12,12,1,3.84,-2.84
2023,3,"Australian Grand Prix","Guanyu Zhou",17,17,2,1.15,0.85
2023,3,"Australian Grand Prix","Nyck de Vries",15,15,0,2.22,-2.22
2023,3,"Australian Grand Prix","Oscar Piastri",16,16,4,1.68,2.32
2023,3,"Australian Grand Prix","Logan Sargeant",18,18,0,0.61,-0.61
2023,4,"Azerbaijan Grand Prix","Lewis Hamilton",5,5,8,8.98,-0.98
2023,4,"Azerbaijan Grand Prix","Fernando Alonso",6,6,12,8.72,3.28
2023,4,"Azerbaijan Grand Prix","Sergio Pérez",3,3,25,10.85,14.15
2023,4,"Azerbaijan Grand Prix","Valtteri Bottas",13,14,0,3.01,-3.01
2023,4,"Azerbaijan Grand Prix","Kevin Magnussen",16,18,0,1.05,-1.05
2023,4,"Azerbaijan Grand Prix","Max Verstappen",2,2,18,11.94,6.06
2023,4,"Azerbaijan Grand Prix","Carlos Sainz",4,4,10,8.76,1.24
2023,4,"Azerbaijan Grand Prix","Lance Stroll",9,9,6,6.18,-0.18
2023,4,"Azerbaijan Grand Prix","Pierre Gasly",17,19,0,0.62,-0.62
2023,4,"Azerbaijan Grand Prix","Charles Leclerc",1,1,15,9.86,5.14
2023,4,"Azerbaijan Grand Prix","Lando Norris",7,7,2,6.66,-4.66
2023,4,"Azerbaijan Grand Prix","George Russell",11,11,5,5,0
2023,4,"Azerbaijan Grand Prix","Alexander Albon",12,13,0,3.43,-3.43
2023,4,"Azerbaijan Grand Prix","Yuki Tsunoda",8,8,1,5.83,-4.83
2023,4,"Azerbaijan Grand Prix","Guanyu Zhou",15,16,0,1.86,-1.86
2023,4,"Azerbaijan Grand Prix","Nyck de Vries",18,20,0,0,0
2023,4,"Azerbaijan Grand Prix","Oscar Piastri",10,10,0,4.89,-4.89
2023,4,"Azerbaijan Grand Prix","Logan Sargeant",14,15,0,2.31,-2.31
2023,5,"Miami Grand Prix","Lewis Hamilton",13,13,8,4.79,3.21
2023,5,"Miami Grand Prix","Fernando Alonso",2,2,15,11.17,3.83
2023,5,"Miami Grand Prix","Nico Hülkenberg",12,12,0,3.66,-3.66
2023,5,"Miami Grand Prix","Sergio Pérez",1,1,18,12.77,5.23
2023,5,"Miami Grand Prix","Valtteri Bottas",10,10,0,4.67,-4.67
2023,5,"Miami Grand Prix","Kevin Magnussen",4,4,1,7.79,-6.79
2023,5,"Miami Grand Prix","Max Verstappen",9,9,26,8.76,17.24
2023,5,"Miami Grand Prix","Carlos Sainz",3,3,10,9.54,0.46
2023,5,"Miami Grand Prix","Esteban Ocon",8,8,2,5.75,-3.75
2023,5,"Miami Grand Prix","Lance Stroll",18,18,0,1.4,-1.4
2023,5,"Miami Grand Prix","Pierre Gasly",5,5,4,7.37,-3.37
2023,5,"Miami Grand Prix","Charles Leclerc",7,7,6,7.05,-1.05
2023,5,"Miami Grand Prix","Lando Norris",16,16,0,1.68,-1.68
2023,5,"Miami Grand Prix","George Russell",6,6,12,7.72,4.28
2023,5,"Miami Grand Prix","Alexander Albon",11,11,0,4,-4
2023,5,"Miami Grand Prix","Yuki Tsunoda",17,17,0,0.81,-0.81
2023,5,"Miami Grand Prix","Guanyu Zhou",14,14,0,2.44,-2.44
2023,5,"Miami Grand Prix","Nyck de Vries",15,15,0,1.81,-1.81
2023,5,"Miami Grand Prix","Oscar Piastri",19,19,0,0,0
2023,5,"Miami Grand Prix","Logan Sargeant",20,20,0,0,0
2023,6,"Monaco Grand Prix","Lewis Hamilton",5,6,13,9.01,3.99
2023,6,"Monaco Grand Prix","Fernando Alonso",2,2,18,11.56,6.44
2023,6,"Monaco Grand Prix","Nico Hülkenberg",18,18,0,0.23,-0.23
2023,6,"Monaco Grand Prix","Sergio Pérez",20,20,0,3.12,-3.12
2023,6,"Monaco Grand Prix","Valtteri Bottas",15,15,0,1.76,-1.76
2023,6,"Monaco Grand Prix","Kevin Magnussen",17,17,0,0.62,-0.62
2023,6,"Monaco Grand Prix","Max Verstappen",1,1,25,13.95,11.05
2023,6,"Monaco Grand Prix","Carlos Sainz",4,5,4,8.97,-4.97
2023,6,"Monaco Grand Prix","Esteban Ocon",3,4,15,8.09,6.91
2023,6,"Monaco Grand Prix","Lance Stroll",14,14,0,3.4,-3.4
2023,6,"Monaco Grand Prix","Pierre Gasly",7,7,6,6.25,-0.25
2023,6,"Monaco Grand Prix","Charles Leclerc",6,3,8,8.37,-0.37
2023,6,"Monaco Grand Prix","Lando Norris",10,10,2,4.7,-2.7
2023,6,"Monaco Grand Prix","George Russell",8,8,10,6.93,3.07
2023,6,"Monaco Grand Prix","Alexander Albon",13,13,0,2.72,-2.72
2023,6,"Monaco Grand Prix","Yuki Tsunoda",9,9,0,4.91,-4.91
2023,6,"Monaco Grand Prix","Guanyu Zhou",19,19,0,0,0
2023,6,"Monaco Grand Prix","Nyck de Vries",12,12,0,3.22,-3.22
2023,6,"Monaco Grand Prix","Oscar Piastri",11,11,1,3.94,-2.94
2023,6,"Monaco Grand Prix","Logan Sargeant",16,16,0,1.06,-1.06
2023,7,"Spanish Grand Prix","Lewis Hamilton",4,5,18,9.89,8.11
2023,7,"Spanish Grand Prix","Fernando Alonso",8,9,6,8.6,-2.6
2023,7,"Spanish Grand Prix","Nico Hülkenberg",7,8,0,5.71,-5.71
2023,7,"Spanish Grand Prix","Sergio Pérez",11,11,12,7.84,4.16
2023,7,"Spanish Grand Prix","Valtteri Bottas",16,16,0,1.02,-1.02
2023,7,"Spanish Grand Prix","Kevin Magnussen",17,17,0,0.41,-0.41
2023,7,"Spanish Grand Prix","Max Verstappen",1,1,26,14.74,11.26
2023,7,"Spanish Grand Prix","Carlos Sainz",2,2,10,10.26,-0.26
2023,7,"Spanish Grand Prix","Esteban Ocon",6,7,4,6.88,-2.88
2023,7,"Spanish Grand Prix","Lance Stroll",5,6,8,7.85,0.15
2023,7,"Spanish Grand Prix","Pierre Gasly",10,4,1,6.16,-5.16
2023,7,"Spanish Grand Prix","Charles Leclerc",19,19,0,0.77,-0.77
2023,7,"Spanish Grand Prix","Lando Norris",3,3,0,8.35,-8.35
2023,7,"Spanish Grand Prix","George Russell",12,12,15,5.01,9.99
2023,7,"Spanish Grand Prix","Alexander Albon",18,18,0,0,0
2023,7,"Spanish Grand Prix","Yuki Tsunoda",15,15,0,1.47,-1.47
2023,7,"Spanish Grand Prix","Guanyu Zhou",13,13,2,2.56,-0.56
2023,7,"Spanish Grand Prix","Nyck de Vries",14,14,0,1.93,-1.93
2023,7,"Spanish Grand Prix","Oscar Piastri",9,10,0,4.62,-4.62
2023,7,"Spanish Grand Prix","Logan Sargeant",20,20,0,0,0
2023,8,"Canadian Grand Prix","Lewis Hamilton",3,4,15,10.99,4.01
2023,8,"Canadian Grand Prix","Fernando Alonso",2,3,18,11.89,6.11
2023,8,"Canadian Grand Prix","Nico Hülkenberg",5,2,0,7.54,-7.54
2023,8,"Canadian Grand Prix","Sergio Pérez",12,12,9,7.65,1.35
2023,8,"Canadian Grand Prix","Valtteri Bottas",14,15,1,1.65,-0.65
2023,8,"Canadian Grand Prix","Kevin Magnussen",13,14,0,2.12,-2.12
2023,8,"Canadian Grand Prix","Max Verstappen",1,1,25,15.61,9.39
2023,8,"Canadian Grand Prix","Carlos Sainz",11,8,10,6.33,3.67
2023,8,"Canadian Grand Prix","Esteban Ocon",6,6,4,7.08,-3.08
2023,8,"Canadian Grand Prix","Lance Stroll",16,13,2,3.02,-1.02
2023,8,"Canadian Grand Prix","Pierre Gasly",15,17,0,1.37,-1.37
2023,8,"Canadian Grand Prix","Charles Leclerc",10,11,12,5.2,6.8
2023,8,"Canadian Grand Prix","Lando Norris",7,7,0,5.99,-5.99
2023,8,"Canadian Grand Prix","George Russell",4,5,0,9.53,-9.53
2023,8,"Canadian Grand Prix","Alexander Albon",9,10,6,4.22,1.78
2023,8,"Canadian Grand Prix","Yuki Tsunoda",19,16,0,0,0
2023,8,"Canadian Grand Prix","Guanyu Zhou",20,20,0,0,0
2023,8,"Canadian Grand Prix","Nyck de Vries",17,18,0,0,0
2023,8,"Canadian Grand Prix","Oscar Piastri",8,9,0,4.95,-4.95
2023,8,"Canadian Grand Prix","Logan Sargeant",18,19,0,0,0
2023,9,"Austrian Grand Prix","Lewis Hamilton",5,5,4,10.54,-6.54
2023,9,"Austrian Grand Prix","Fernando Alonso",7,7,10,9.95,0.05
2023,9,"Austrian Grand Prix","Nico Hülkenberg",8,8,0,4.99,-4.99
2023,9,"Austrian Grand Prix","Sergio Pérez",15,15,15,6.27,8.73
2023,9,"Austrian Grand Prix","Valtteri Bottas",14,14,0,1.73,-1.73
2023,9,"Austrian Grand Prix","Max Verstappen",1,1,26,16.43,9.57
2023,9,"Austrian Grand Prix","Carlos Sainz",3,3,8,10.14,-2.14
2023,9,"Austrian Grand Prix","Esteban Ocon",12,12,0,3.8,-3.8
2023,9,"Austrian Grand Prix","Lance Stroll",6,6,2,7.61,-5.61
2023,9,"Austrian Grand Prix","Pierre Gasly",9,9,1,4.9,-3.9
2023,9,"Austrian Grand Prix","Charles Leclerc",2,2,18,10.05,7.95
2023,9,"Austrian Grand Prix","Lando Norris",4,4,12,7.4,4.6
2023,9,"Austrian Grand Prix","George Russell",11,11,6,5.83,0.17
2023,9,"Austrian Grand Prix","Alexander Albon",10,10,0,3.95,-3.95
2023,9,"Austrian Grand Prix","Yuki Tsunoda",16,16,0,0.52,-0.52
2023,9,"Austrian Grand Prix","Guanyu Zhou",17,17,0,0.07,-0.07
2023,9,"Austrian Grand Prix","Oscar Piastri",13,13,0,2.29,-2.29
2023,9,"Austrian Grand Prix","Logan Sargeant",18,18,0,0,0
2023,10,"British Grand Prix","Lewis Hamilton",7,7,15,9.44,5.56
2023,10,"British Grand Prix","Fernando Alonso",9,9,6,9.07,-3.07
2023,10,"British Grand Prix","Nico Hülkenberg",11,11,0,3.17,-3.17
2023,10,"British Grand Prix","Sergio Pérez",15,16,8,6.5,1.5
2023,10,"British Grand Prix","Valtteri Bottas",20,15,0,0,0
2023,10,"British Grand Prix","Kevin Magnussen",19,20,0,0,0
2023,10,"British Grand Prix","Max Verstappen",1,1,26,17.31,8.69
2023,10,"British Grand Prix","Carlos Sainz",5,5,1,9.23,-8.23
2023,10,"British Grand Prix","Esteban Ocon",13,13,0,3.05,-3.05
2023,10,"British Grand Prix","Lance Stroll",12,12,0,4.28,-4.28
2023,10,"British Grand Prix","Pierre Gasly",10,10,0,4.19,-4.19
2023,10,"British Grand Prix","Charles Leclerc",4,4,2,9.51,-7.51
2023,10,"British Grand Prix","Lando Norris",2,2,18,8.75,9.25
2023,10,"British Grand Prix","George Russell",6,6,10,8.57,1.43
2023,10,"British Grand Prix","Alexander Albon",8,8,4,4.82,-0.82
2023,10,"British Grand Prix","Yuki Tsunoda",16,17,0,0.07,-0.07
2023,10,"British Grand Prix","Guanyu Zhou",17,18,0,0,0
2023,10,"British Grand Prix","Nyck de Vries",18,19,0,0,0
2023,10,"British Grand Prix","Oscar Piastri",3,3,12,7.51,4.49
2023,10,"British Grand Prix","Logan Sargeant",14,14,0,1.33,-1.33
2023,11,"Hungarian Grand Prix","Lewis Hamilton",1,1,12,13.09,-1.09
2023,11,"Hungarian Grand Prix","Fernando Alonso",8,8,2,9.64,-7.64
2023,11,"Hungarian Grand Prix","Nico Hülkenberg",10,10,0,3.5,-3.5
2023,11,"Hungarian Grand Prix","Sergio Pérez",9,9,15,10.16,4.84
2023,11,"Hungarian Grand Prix","Daniel Ricciardo",13,13,0,1.64,-1.64
2023,11,"Hungarian Grand Prix","Valtteri Bottas",7,7,0,5.08,-5.08
2023,11,"Hungarian Grand Prix","Kevin Magnussen",19,19,0,0,0
2023,11,"Hungarian Grand Prix","Max Verstappen",2,2,26,17.62,8.38
2023,11,"Hungarian Grand Prix","Carlos Sainz",11,11,4,5.84,-1.84
2023,11,"Hungarian Grand Prix","Esteban Ocon",12,12,0,3.38,-3.38
2023,11,"Hungarian Grand Prix","Lance Stroll",14,14,1,3.01,-2.01
2023,11,"Hungarian Grand Prix","Pierre Gasly",15,15,0,1.29,-1.29
2023,11,"Hungarian Grand Prix","Charles Leclerc",6,6,6,8.31,-2.31
2023,11,"Hungarian Grand Prix","Lando Norris",3,3,18,8.76,9.24
2023,11,"Hungarian Grand Prix","George Russell",18,18,8,2.34,5.66
2023,11,"Hungarian Grand Prix","Alexander Albon",16,16,0,0.46,-0.46
2023,11,"Hungarian Grand Prix","Yuki Tsunoda",17,17,0,0,0
2023,11,"Hungarian Grand Prix","Guanyu Zhou",5,5,0,6.12,-6.12
2023,11,"Hungarian Grand Prix","Oscar Piastri",4,4,10,7.3,2.7
2023,11,"Hungarian Grand Prix","Logan Sargeant",20,20,0,0,0
2023,12,"Belgian Grand Prix","Lewis Hamilton",3,4,13,12.07,0.93
2023,12,"Belgian Grand Prix","Fernando Alonso",9,9,10,8.98,1.02
2023,12,"Belgian Grand Prix","Sergio Pérez",2,3,18,14.17,3.83
2023,12,"Belgian Grand Prix","Daniel Ricciardo",19,19,0,0,0
2023,12,"Belgian Grand Prix","Valtteri Bottas",13,14,0,1.4,-1.4
2023,12,"Belgian Grand Prix","Kevin Magnussen",16,13,0,0.63,-0.63
2023,12,"Belgian Grand Prix","Max Verstappen",6,1,25,17.55,7.45
2023,12,"Belgian Grand Prix","Carlos Sainz",4,5,0,9.34,-9.34
2023,12,"Belgian Grand Prix","Esteban Ocon",14,15,4,1.85,2.15
2023,12,"Belgian Grand Prix","Lance Stroll",10,10,2,5.01,-3.01
2023,12,"Belgian Grand Prix","Pierre Gasly",12,12,0,2.69,-2.69
2023,12,"Belgian Grand Prix","Charles Leclerc",1,2,15,10.81,4.19
2023,12,"Belgian Grand Prix","Lando Norris",7,7,6,7.14,-1.14
2023,12,"Belgian Grand Prix","George Russell",8,8,8,7.88,0.12
2023,12,"Belgian Grand Prix","Alexander Albon",15,16,0,0.54,-0.54
2023,12,"Belgian Grand Prix","Yuki Tsunoda",11,11,1,2.58,-1.58
2023,12,"Belgian Grand Prix","Guanyu Zhou",17,17,0,0,0
2023,12,"Belgian Grand Prix","Oscar Piastri",5,6,0,6.76,-6.76
2023,12,"Belgian Grand Prix","Logan Sargeant",18,18,0,0,0
