"student_id","gender","ssc_percentage","hsc_percentage","degree_percentage","work_experience","mba_specialisation","actual_placed","predicted_probability","predicted_class","correct"
7,"F",46,49.2,79,0,"Mkt&Fin",0,0.2136,0,TRUE
11,"M",58,61,60,1,"Mkt&HR",1,0.63,1,TRUE
17,"M",63,66.2,65.6,1,"Mkt&Fin",1,0.9586,1,TRUE
18,"F",55,67,64,0,"Mkt&Fin",0,0.098,0,TRUE
19,"F",63,66,64,0,"Mkt&HR",0,0.3733,0,TRUE
20,"M",60,67,70,1,"Mkt&Fin",1,0.4394,0,FALSE
28,"M",63,67,66,0,"Mkt&HR",1,0.7972,1,TRUE
34,"F",87,65,81,1,"Mkt&Fin",1,0.9993,1,TRUE
41,"F",78,77,80,0,"Mkt&Fin",1,0.9981,1,TRUE
52,"M",54.4,61.12,56.2,0,"Mkt&HR",0,0.0255,0,TRUE
57,"M",63,71.4,61.4,0,"Mkt&Fin",1,0.3979,0,FALSE
64,"M",61,70,64,0,"Mkt&HR",0,0.6301,1,FALSE
67,"M",83,74,66,0,"Mkt&HR",1,0.9984,1,TRUE
68,"M",80.92,78.5,67,0,"Mkt&Fin",1,0.9985,1,TRUE
74,"M",64.6,83.83,71.72,0,"Mkt&Fin",1,0.9782,1,TRUE
75,"M",56.6,64.8,70.2,0,"Mkt&Fin",1,0.1221,0,FALSE
81,"F",69,62,69,1,"Mkt&HR",1,0.9782,1,TRUE
85,"M",70,63,70,1,"Mkt&Fin",1,0.9835,1,TRUE
102,"M",63,72,68,0,"Mkt&HR",1,0.7727,1,TRUE
109,"M",61,82,69,0,"Mkt&Fin",1,0.9446,1,TRUE
114,"F",73.96,79,67,0,"Mkt&Fin",1,0.9879,1,TRUE
115,"M",65,68,69,0,"Mkt&HR",1,0.967,1,TRUE
118,"M",77,75,73,0,"Mkt&Fin",1,0.9578,1,TRUE
128,"F",72,60,69,0,"Mkt&HR",1,0.9624,1,TRUE
133,"M",67,68,64,1,"Mkt&HR",1,0.9947,1,TRUE
140,"M",77,70,59,1,"Mkt&Fin",1,0.9996,1,TRUE
142,"M",66,64,60,0,"Mkt&HR",0,0.5433,1,FALSE
147,"M",62,63,66,0,"Mkt&HR",1,0.6945,1,TRUE
158,"M",66.5,62.5,60.9,0,"Mkt&Fin",1,0.8065,1,TRUE
161,"M",87,74,65,1,"Mkt&HR",1,0.9927,1,TRUE
168,"M",67.9,62,67,1,"Mkt&Fin",0,0.4409,0,TRUE
176,"M",63,62,65,0,"Mkt&HR",0,0.1507,0,TRUE
179,"M",68,56,68,0,"Mkt&HR",1,0.1016,0,FALSE
187,"F",52,64,61,0,"Mkt&Fin",0,0.0805,0,TRUE
188,"M",78.5,65.5,67,1,"Mkt&Fin",1,0.9827,1,TRUE
191,"F",64,70.2,61,0,"Mkt&Fin",0,0.768,1,FALSE
193,"M",65.2,61.4,64.8,1,"Mkt&Fin",1,0.9637,1,TRUE
195,"M",52,55,56.3,0,"Mkt&Fin",0,0.0103,0,TRUE
196,"M",66,76,72,1,"Mkt&HR",1,0.9952,1,TRUE
198,"F",83.96,53,91,0,"Mkt&HR",1,0.9842,1,TRUE
199,"F",67,70,65,0,"Mkt&HR",0,0.1221,0,TRUE
207,"M",41,42,60,0,"Mkt&Fin",0,0.0017,0,TRUE
209,"F",43,60,65,0,"Mkt&HR",0,0.0025,0,TRUE
212,"M",58,60,72,0,"Mkt&Fin",1,0.6087,1,TRUE
